ReservoirID,0,1,2,3,4,5,6,7,8,9,10,11,12,13,14,15,16,17,18,19
1001,79.287,6.088,176.131,152.911,123.461,139.602,417.673,234.463,184.059,151.778,60.032,110.436,118.506,232.198,113.267,339.802,25.485,178.396,99.109,607.395
1003,445.99,176.98,1101.524,385.108,472.891,467.227,656.95,1359.206,588.989,348.297,495.544,122.329,260.515,679.603,665.445,671.108,27.75,441.742,342.633,2078.453
1006,253.719,881.785,297.326,503.048,660.489,1515.374,784.942,1986.99,1138.335,1330.89,1015.865,342.633,311.485,2403.813,1302.573,1151.078,518.197,552.178,462.555,1142.724
1007,230.499,110.436,760.023,348.297,552.178,302.99,492.712,1076.038,767.385,213.792,188.307,40.493,189.723,509.702,676.772,560.673,29.733,404.93,264.054,1464.828
1017,76.738528,225.11856,576.4450976,1484.140122,390.77184,762.7696416,1477.117555,138.9505376,436.0504032,323.4061728,488.2948992,509.0227968,389.2710496,581.0041024,1836.202896,282.743248,725.8162176,445.140096,525.3332736,562.5698656
1020,36.812,159.99,198.218,172.732,433.247,580.494,1602.731,387.94,839.593,355.376,70.792,113.267,385.108,501.207,427.584,67.96,266.178,250.179,375.622,242.109
1021,167.069,135.354,328.475,195.386,126.01,139.319,548.213,328.475,246.356,218.039,67.96,49.554,152.911,644.207,70.792,716.415,468.643,474.306,453.777,1039.227
1023,798.534,291.663,1353.543,1118.514,1452.652,1735.82,2265.344,4655.282,1132.672,1792.453,764.554,351.128,656.95,3284.749,1398.85,3296.076,768.801,1047.722,1060.464,4819.519
1026,412.9155776,489.739056,1754.282394,3370.888506,1002.41472,3327.818653,2414.658486,1176.761258,1802.081152,1304.951411,3511.99112,1161.470186,1326.981882,2545.085667,1406.467139,2230.599286,1041.322003,1537.772141,1054.8008,926.384112
1027,25.202,5.097,56.634,9.911,5.663,16.282,59.465,24.069,8.778,18.406,8.495,3.823,3.964,9.911,3.398,6.23,56.634,20.105,12.743,28.317
1028,32.564,36.812,42.475,40.21,103.215,209.544,150.079,84.95,99.109,90.614,124.594,39.644,77.871,169.901,107.604,70.792,64.421,77.871,121.479,179.812
1032,577.663,481.386,614.475,1312.484,945.781,2203.047,1948.196,2460.73,1302.573,1472.474,1302.573,263.346,906.138,1936.869,2035.978,1881.651,536.603,940.118,920.296,1860.414
1033,136.9966784,308.4549024,1362.03808,1574.41408,436.07872,1554.139251,2392.089997,948.471216,1103.505696,783.5824896,2469.168326,612.4640672,454.3996896,696.3667456,703.3326784,911.4894752,858.1972576,1618.333437,1298.806666,570.2720352
1036,424.4121984,227.525488,2114.783574,4461.31184,1172.31552,3881.468726,2218.168211,781.9401152,1816.551037,1327.236733,2924.219302,897.925728,1061.483565,3326.091328,2355.589642,1567.504781,1475.333597,1482.809232,1207.683203,1176.874525
1042,243.4112128,200.2564096,743.2027328,2950.497293,591.82112,2290.999021,2744.011187,385.2783808,886.3441568,713.4984096,1311.15279,586.1860768,809.5206784,1968.159184,1956.69088,1028.296275,719.4732544,651.7394688,629.6806816,735.812048
1048,1803.78,365.287,2729.74,1455.484,1999.166,2721.244,3349.877,8495.04,7787.12,1747.147,3604.729,450.237,1563.087,6804.527,2256.849,4525.025,1274.822,2865.66,3694.634,5367.449
1053,552.178,594.653,957.108,2265.344,1554.592,3970.015,3174.313,5501.954,1877.404,3482.966,2585.324,699.425,1441.325,3814.273,3440.491,4525.025,1211.959,1396.018,1414.141,2831.68
1067,273.4836544,259.3535712,1666.44368,8751.731792,860.83072,1092.745312,1244.636627,1069.383952,1052.535456,2176.599149,1699.291168,1525.227798,1013.373322,1923.956659,631.0965216,1095.293824,370.4403776,2028.757136,1468.990634,1089.998582
1070,194.848,28.147,44.033,102.252,229.309,288.18,102.733,38.284,624.669,27.807,36.953,116.863,8.637,99.222,44.287,119.299,45.222,34.093,46.44,56.577
1078,5148.136,12224.731,3191.502,4484.503,7759.624,4889.745,7612.689,3743.368,5673.554,6671.155,5138.367,5582.94,6721.021,6320.876,3054.731,7082.881,5426.377,2828.678,6763.185,8527.887
1084,198.4724512,191.1667168,404.3355872,1052.308922,215.20768,614.899312,670.9382592,326.8041888,591.6229024,650.2669952,1359.801053,317.5162784,383.2395712,467.085616,364.6071168,477.0248128,423.2228928,742.324912,826.3408576,230.6686528
1086,14.187,84.95,44.457,29.166,52.952,34.83,69.942,38.228,51.82,53.236,59.465,90.897,20.048,57.766,53.236,88.348,122.045,54.085,21.266,58.616
1092,273.3703872,460.148,512.7889312,1923.41864,518.19744,1059.727923,881.6152512,715.3106848,858.3954752,726.9772064,1215.102205,828.3796672,486.482624,770.2452768,954.8991296,578.5688576,139.9133088,1000.602445,575.8504448,531.5346528
1093,267.594,945.781,1081.702,906.138,829.682,1098.692,1353.543,512.534,1152.494,914.633,2613.641,651.286,991.088,1124.177,838.177,1005.246,794.286,1260.098,1517.497,708.911
1095,58.759,75.81,153.906,240.687,496.249,138.004,118.183,1.606,99.759,18.517,180.078,63.508,243.635,199.867,17.657,16.304,9.894,7.795,379.703,226.187
1101,1741.398,499.707,600.429,1498.837,1312.116,553.933,641.659,953.342,568.771,1183.019,1592.933,1798.173,1329.955,477.053,739.323,583.666,343.964,1196.866,529.014,687.164
1109,44.233,93.078,1725.595,56.741,50.496,81.063,33.196,6.304,9430.47,38.143,54.901,85.384,152.837,38.444,31.586,238.39,183.773,65.414,43.417,50.051
1112,448.312,708.911,766.819,4045.933,621.894,1952.613,1372.26,1144.055,2018.45,1220.964,1435.152,1540.519,1610.603,1525.454,2156.636,1365.719,658.989,2106.232,969.822,873.318
1120,54.935,192.554,147.247,1064.712,393.604,158.574,1523.444,232.198,280.336,533.772,134.505,376.613,362.455,247.772,293.079,62.297,141.584,331.307,56.634,31.148
1121,258.221,537.453,456.014,2007.746,463.036,642.82,599.778,391.536,939.75,666.804,1015.61,550.224,524.257,543.909,1325.396,479.46,369.591,582.788,344.049,368.458
1122,180.378016,186.18296,203.0880896,1234.074461,215.20768,613.5401056,362.3984064,469.6907616,456.0137472,403.9674688,417.4745824,357.8110848,410.9334016,574.264704,666.1244032,336.8849696,142.5467712,356.650096,240.6928,320.9426112
1124,156.932,191.308,121.847,127.454,171.685,400.145,113.437,42.362,122.442,58.503,79.145,101.827,191.053,176.47,45.364,84.696,167.664,136.374,145.803,284.301
1125,258.221,537.453,456.014,2007.746,463.036,642.82,599.778,391.536,939.75,666.804,1015.61,550.224,524.257,543.909,1325.396,479.46,369.591,582.788,344.049,368.458
1127,234.746,162.17,366.249,489.881,124.311,301.885,187.967,206.571,250.49,171.203,252.699,471.234,336.234,417.644,528.66,330.797,74.02,557.558,353.96,338.556
1128,991.088,792.87,1429.998,1415.84,1129.84,370.95,1352.127,1919.879,300.158,374.49,818.356,484.217,1608.394,1529.107,911.801,679.603,807.029,1424.335,1231.781,699.425
113,1.126,3.25,1.834,2.771,2.637,2.658,2.854,2.694,2.112,2.407,2.821,3.203,3.095,2.256,5.536,4.128,4.088,3.943,5.042,1.331
1134,56.634,147.247,373.782,311.485,238.711,135.921,172.732,121.762,101.94,239.277,438.91,127.426,232.198,116.099,184.059,171.317,186.891,283.168,138.752,67.96
114,61.244,14.496,11.182,10.024,24.597,91.375,18.704,29.101,17.162,4.132,11.883,20.8,45.212,11.182,88.863,15.57,17.406,9.362,8.312,17.854
1144,1127.405,1986.933,1054.433,878.642,1279.551,1969.207,1083.174,607.65,1121.855,1037.159,790.662,815.297,1441.495,1391.289,475.128,571.745,864.399,898.237,1381.152,1217.622
1151,227.072,934.369,1781.665,274.56,1082.438,898.181,1047.75,769.594,90.161,778.655,693.45,97.863,74.586,730.772,707.722,166.928,538.784,382.56,132.013,2175.24
1170,209.771,253.35,283.225,367.722,256.182,171.345,1184.35,1752.442,540.369,718.312,414.954,398.531,603.601,472.069,779.618,396.917,353.762,861.567,885.013,250.321
1192,429.566,692.261,190.685,472.692,270.171,293.39,1164.698,291.408,1122.761,1357.054,715.82,1072.527,389.045,325.926,540.568,609.746,259.807,646.897,400.4,548.383
1197,120.092,100.666,19.567,976.788,422.572,151.665,642.65,224.864,57.738,367.835,21.266,283.593,241.627,132.834,544.192,290.134,142.802,106.698,829.399,147.87
1207,1631.99,832.68,664.77,3020.52,606.33,619.85,466.04,20247.36,468.29,818.36,102558576.3,1549.02,518.42,705.09,796.98,910.27,1081.84,562.71,4052.9,1515.48
1237,245.592,391.055,61.731,143.906,107.321,415.634,358.944,166.163,130.682,366.051,476.572,231.546,650.267,179.5,342.407,358.576,216.284,501.094,402.297,290.955
1249,59.607,15.093,68.357,10.081,2.209,26.136,5.663,3.398,2.095,10.755,14.527,1.688,17.5,3.823,0.442,1.229,2.602,12.629,6.343,7.204
131,549.799,346.116,987.945,593.973,305.425,317.063,714.348,506.673,322.84,746.771,479.035,163.699,319.98,880.114,130.427,781.799,2121.665,2617.803,1064.032,255.842
132,1006.441,865.582,1958.231,865.97,801.145,973.197,2327.301,503.289,3116.009,1950.523,6095.078,2194.762,1194.108,2076.528,970.926,1605.704,2357.855,3140.05,1111.349,2247.759
133,115.561,109.643,501.349,159.792,408.158,375.835,152.656,195.216,184.427,220.106,224.864,342.888,146.539,280.704,76.059,148.861,167.437,230.102,159.14,106.16
144,14.583,904.948,298.233,854.261,930.235,253.379,216.539,290.049,236.728,317.233,508.881,338.499,1006.86,120.516,258.872,69.376,306.359,297.411,75.549,209.289
148,119.61,2836.069,1530.523,7766.364,1465.168,1536.328,1584.183,256.72,549.827,1047.297,1563.512,1499.799,3620.671,770.642,274.418,1104.638,513.837,1148.982,1142.668,2131.066
1585,166.367,149.023,157.039,20.889,49.758,35.976,22.716,15.379,16.152,22.954,14.713,64.891,87.312,86.239,113.499,32.346,49.529,41.932,27.974,87.618
1586,166.248,175.876,362.476,131.086,60.64,116.701,247.34,196.016,351.348,163.176,239.227,183.443,149.966,208.199,253.775,233.649,320.914,111.285,153.102,176.506
1587,209.997,174.736,376.274,174.793,140.642,135.029,243.1,213.594,357.592,168.478,237.04,209.651,136.289,165.023,266.27,395.338,359.064,79.252,183.734,179.918
1592,251.142,242.802,511.331,271.848,134.767,194.31,413.149,277.752,579.659,518.098,408.555,340.948,207.024,294.509,393.674,556.326,627.451,141.846,232.771,346.329
1595,447.264,399.154,494.525,334.62,643.754,474.788,331.845,436.73,367.269,383.438,343.908,632.201,264.819,494.893,535.952,357.415,462.243,551.385,613.087,303.839
1600,125.981,155.176,65.27,75.804,152.174,162.142,85.234,262.265,39.788,83.285,69.235,171.203,47.181,69.722,146.933,54.841,103.065,101.87,97.489,70.384
1606,34.66,49.866,30.129,37.746,22.2,32.083,33.895,22.88,37.251,31.74,28.648,80.154,15.198,28.702,71.101,14.716,51.483,27.49,36.931,42.033
1615,137.903,128.238,35.41,58.709,74.224,81.221,41.917,43.917,107.134,74.17,19.071,99.018,129.524,86.131,267.084,138.313,68.43,55.761,36.158,323.364
1617,68.612,38.709,66.998,28.855,33.187,23.475,45.533,39.87,28.693,31.927,27.6,74.255,15.472,30.93,81.402,14.504,51.44,23.925,36.704,38.361
1619,109.897,57.143,29.251,38.596,25.967,24.806,55.982,42.985,33.074,33.269,27.34,57.143,18.635,40.453,48.062,11.61,41.467,16.588,51.653,32.655
1620,70.735,73.341,52.386,39.021,17.925,23.475,57.625,25.655,39.955,29.053,33.017,41.654,52.613,31.941,71.641,10.675,29.619,20.501,70.112,31.488
163,1.812,3.936,1.048,1.331,11.27,7.079,10.392,9.656,5.55,2.294,0.793,1.784,2.01,2.322,15.688,4.219,1.812,4.786,3.766,11.27
1631,403.514,404.845,315.251,297.864,431.746,452.078,315.562,328.56,394.793,435.796,552.376,495.516,168.089,340.198,536.32,473.797,516.753,299.988,342.322,250.037
1634,599.707,688.629,368.111,154.121,267.551,280.074,844.626,246.788,407.273,361.266,202.486,322.663,437.657,208.426,746.438,283.862,316.766,192.03,162.949,429.247
1636,263.799,89.283,38.766,51.706,42.362,48.11,102.394,65.752,112.276,140.593,61.929,110.747,30.95,66.913,174.998,35.877,80.561,95.796,399.89,82.204
1645,88.745,112.545,248.161,255.056,244.919,79.62,265.371,176.676,305.092,93.814,228.474,190.947,126.817,127.093,181.518,151.389,226.556,55.735,168.761,237.535
1650,16.226,28.345,20.926,31.885,16.027,25.485,36.302,23.786,26.555,32.454,55.226,35.623,28.0,27.068,46.98,36.118,21.572,44.355,87.842,22.611
1654,87.534,119.164,171.409,162.461,129.174,116.524,104.744,147.934,240.473,143.46,387.084,256.366,117.642,158.574,136.862,118.102,214.606,78.933,110.542,183.734
1655,1009.657,75.174,142.193,160.563,72.307,104.836,200.377,138.328,189.029,47.94,106.563,202.614,146.738,202.373,283.741,299.783,83.4,141.145,110.372,135.871
1656,292.64,128.197,219.278,134.151,141.747,165.738,434.854,238.137,350.569,130.831,134.427,194.154,212.857,448.312,304.023,200.249,219.901,227.773,138.214,312.879
168,46.043,911.405,699.878,3740.904,429.594,541.077,440.468,235.964,675.922,1312.427,164.549,1000.461,2245.466,82.005,349.09,193.772,763.902,371.601,596.833,197.963
1683,330.032,191.252,305.807,284.237,209.466,254.087,314.147,409.758,353.479,197.184,188.144,346.116,267.813,330.535,418.296,222.613,169.157,332.722,349.996,244.693
169,27.467,213.226,102.025,192.129,140.536,88.179,83.563,74.643,52.301,79.485,113.239,73.935,238.512,61.702,92.766,30.412,101.034,79.514,49.583,126.463
1691,163.954,158.461,168.315,126.973,125.104,77.645,220.135,87.471,65.95,136.487,115.079,107.151,141.811,113.692,290.106,80.646,330.967,166.418,93.219,84.809
1699,249.528,358.774,333.091,305.283,279.09,331.137,671.731,293.079,216.85,584.742,383.155,311.485,457.373,386.836,746.034,389.356,818.809,452.446,338.046,272.408
1703,360.112,129.755,297.949,96.313,94.967,165.207,133.408,584.699,308.327,80.229,73.999,239.206,254.717,473.804,193.397,179.613,175.295,211.173,110.096,269.364
1706,123.999,162.255,162.51,111.993,137.506,157.47,113.069,124.056,151.693,81.722,139.517,270.199,61.504,113.38,246.753,95.258,258.504,136.742,108.397,155.374
1707,78.239,83.166,95.428,137.025,189.836,541.021,75.578,94.521,98.741,349.967,161.094,234.35,82.034,227.271,222.57,175.564,148.267,498.461,239.05,125.585
1709,336.828,618.241,548.808,541.785,553.508,509.646,1103.704,375.113,370.27,751.783,489.597,607.763,731.763,500.358,877.538,405.893,742.835,487.644,544.277,402.382
1712,73.935,61.306,77.73,59.862,96.759,67.677,86.083,93.686,39.995,112.987,64.262,125.647,110.603,121.349,151.396,72.723,102.736,175.573,87.142,70.959
1713,8.099,84.752,134.958,304.122,288.803,103.696,346.824,134.392,122.215,106.075,64.392,231.207,337.876,251.057,141.188,144.302,402.495,166.899,109.359,176.329
1714,365.881,592.111,342.881,298.402,370.702,339.901,861.489,305.786,643.244,408.272,430.479,614.198,404.541,315.697,785.381,317.594,403.274,278.34,235.164,860.647
1716,991.088,330.74,93.445,353.96,89.481,805.33,227.384,184.342,331.307,937.852,1805.762,1387.523,173.865,214.075,361.322,201.049,84.95,355.093,287.132,119.214
1718,342.782,401.306,319.18,292.321,203.874,342.598,674.485,262.129,607.063,375.707,394.701,234.725,477.733,266.645,1135.822,221.494,226.995,296.93,335.221,374.483
1723,56.888,72.859,62.863,30.993,88.564,53.921,125.693,72.882,274.483,114.675,56.911,64.659,82.634,90.583,88.626,47.046,38.525,102.79,216.19,169.824
1726,51.338,183.493,99.618,66.856,308.257,60.881,114.372,120.573,31.29,133.514,145.209,80.788,163.898,103.639,224.581,118.477,154.666,127.794,189.921,72.576
173,228.97,95.824,266.843,148.791,87.924,80.137,84.214,32.847,151.24,86.848,251.028,45.25,79.853,47.487,74.671,81.581,45.533,97.863,19.68,130.767
1733,342.662,433.304,181.511,200.568,651.796,296.534,198.727,491.212,64.477,289.03,474.986,293.957,231.66,406.488,387.94,299.762,748.073,221.664,352.374,136.827
1735,99.364,165.512,113.465,79.514,570.329,136.034,135.977,113.862,325.7,53.49,190.091,261.591,178.084,215.547,196.915,478.809,212.603,234.463,200.908,366.249
1739,228.134,753.949,194.126,250.936,263.636,411.84,619.189,527.691,362.675,500.591,303.209,473.407,334.152,227.887,418.99,649.814,231.964,291.465,279.664,543.173
1740,599.707,688.629,368.111,154.121,267.551,280.074,844.626,246.788,407.273,361.266,202.486,322.663,437.657,208.426,746.438,283.862,316.766,192.03,162.949,429.247
1741,760.497,2073.406,461.316,379.537,522.24,486.596,992.73,579.071,789.43,548.921,263.325,869.397,1067.635,517.185,878.175,474.866,676.658,637.765,336.842,565.041
1742,77.588,79.91,129.21,60.966,319.47,76.597,90.047,112.418,51.282,94.38,200.653,144.302,187.259,99.08,213.679,99.109,103.017,123.631,185.135,49.809
1744,34.801,122.994,30.469,35.403,47.827,16.926,216.9,100.567,44.974,51.076,48.762,49.809,57.221,33.159,69.383,113.586,27.276,37.06,63.408,59.133
1752,3488.8,2640.825,2887.039,4694.812,5008.591,2487.914,2194.892,2413.837,2860.393,4480.652,3868.5,3887.33,3318.927,2257.33,4080.592,2868.52,2271.97,6062.882,2999.825,3716.523
1753,9862.741,2146.413,6062.627,8234.525,8795.198,3872.691,3074.61,6320.904,3809.544,7583.126,7879.036,12428.838,10169.271,5839.632,9787.702,5515.291,5733.331,7319.185,6580.003,6309.351
1754,146.851,200.993,223.136,154.072,670.57,176.527,176.98,216.539,133.74,321.339,294.155,290.276,261.76,136.204,268.783,195.924,154.496,278.354,378.935,237.635
1755,1427.025,1889.906,515.89,489.059,667.852,708.932,1378.264,791.929,951.968,882.762,231.915,1144.268,985.729,446.004,1191.989,517.121,750.565,513.376,470.576,602.659
1756,3759.65,2368.276,3755.827,2631.763,9594.326,1965.639,2961.144,2996.512,2658.013,4119.868,3195.353,6276.192,4809.41,2642.609,4772.74,2772.809,2574.054,5085.131,3838.569,3346.876
1761,1391.091,484.076,1459.08,1665.198,1957.059,1960.287,2153.691,3926.577,857.829,1511.806,1565.862,2442.494,1966.8,3050.399,2521.923,2278.596,4614.987,1592.905,2422.417,1778.352
1762,893.112,504.209,943.091,567.44,1865.879,370.865,524.852,606.121,708.685,1006.209,824.047,1418.247,704.522,442.648,1308.01,564.382,600.033,1328.284,698.009,844.435
1768,2926.598,1453.841,1943.297,114986.228,3861.817,1677.147,1565.693,2291.169,1986.395,3445.079,2418.821,3112.498,2624.486,1467.915,3299.87,2170.001,1504.075,3334.53,2282.646,2717.167
1775,1264.204,416.172,562.655,1002.16,1375.092,780.241,1492.154,1037.867,930.603,1160.026,1048.458,1242.173,1008.559,322.557,1301.015,888.779,695.319,1142.668,599.127,1495.127
1776,317.12,143.226,171.741,282.602,152.005,83.053,147.814,269.18,36.359,181.228,278.071,293.815,220.022,186.494,647.803,330.485,331.363,205.92,284.357,67.394
1777,3126.458,382.532,1893.658,2134.634,2806.648,634.891,1284.875,1145.698,1297.504,1710.391,1628.612,4687.62,2563.152,1453.133,3340.306,939.24,879.095,2070.298,2101.418,1654.381
1782,495.544,372.649,640.469,762.09,84.016,531.11,283.111,418.551,390.97,820.479,469.606,554.075,1770.791,527.032,1375.658,1177.781,307.747,452.786,88.235,604.082
1796,427.017,532.271,1147.085,732.442,1033.818,849.476,1024.842,1528.286,214.33,805.358,644.264,782.903,648.596,1190.75,846.389,1132.162,2460.135,1002.16,2105.241,1144.82
180,52.556,463.999,190.232,355.857,285.49,143.141,149.173,121.706,83.478,185.702,267.027,91.039,289.851,146.964,241.344,87.499,192.101,154.27,266.206,190.515
182,305.269,134.956,837.693,153.01,530.266,350.284,884.906,112.563,1551.514,1393.521,5942.564,1102.285,1362.466,1318.883,139.8,364.89,367.212,425.715,797.826,3613.705
1848,1186.814,311.202,520.491,2287.884,1588.459,388.28,452.219,1089.546,517.659,1421.39,1668.398,2095.981,2151.964,368.033,852.874,820.536,471.39,970.615,791.37,857.348
185,123.828,1259.715,628.899,1280.554,600.231,378.015,388.818,171.911,526.381,834.609,660.376,281.724,1205.616,234.406,488.267,242.194,372.479,466.208,241.231,553.593
1851,1090.168,360.02,1375.602,719.785,980.611,499.82,519.472,1153.088,548.242,704.21,2189.682,950.623,909.422,877.623,2869.483,1331.003,1486.689,1092.349,1644.47,572.198
1864,562.57,243.638,456.042,1188.909,1143.602,335.413,366.986,444.942,395.897,537.623,931.878,1172.57,846.276,318.479,589.244,517.263,340.849,548.213,367.609,461.904
1869,2463.618,331.42,913.132,3808.213,3465.58,631.578,678.471,1114.747,271.756,1149.266,1030.986,3126.43,1794.889,506.786,1730.411,1682.358,1164.868,1502.688,674.28,1311.323
1872,2265.599,1182.51,955.692,1833.654,2278.568,1552.1,2232.893,1264.6,2806.79,1062.022,967.953,1596.161,482.15,1662.14,1702.123,1296.485,638.346,1587.015,406.969,1058.935
1879,1078.87,467.227,1061.88,835.346,928.791,472.891,478.554,639.96,402.099,1044.89,2803.363,1495.127,444.574,1158.157,688.098,767.385,665.445,911.801,999.583,478.554
1883,232.934,271.162,36.076,209.941,311.57,131.135,661.056,342.52,259.382,243.864,301.008,706.079,156.365,272.351,132.664,462.498,206.599,524.654,261.704,951.614
190,15.065,239.475,148.04,481.01,208.157,220.248,162.369,47.147,46.27,108.821,80.675,178.254,338.98,113.267,30.752,110.804,91.463,362.257,69.999,81.694
191,0.283,206.996,171.345,502.977,169.483,106.358,113.126,38.539,37.237,92.115,26.505,111.087,268.67,25.74,22.653,95.739,82.685,219.908,39.898,38.284
1910,2179.516,2631.395,1780.617,2011.937,1124.375,1484.452,1372.77,1474.767,953.398,1079.408,6937.418,1421.56,1257.946,2986.375,4418.667,1942.589,2149.783,1595.199,4020.957,1114.521
193,7.051,287.302,151.396,475.751,479.12,257.23,217.105,34.32,512.647,35.906,85.262,290.7,518.028,76.739,65.497,122.045,86.48,790.152,89.198,106.471
198,37.067,29.959,540.709,631.323,2030.768,290.644,279.232,237.153,66.261,94.578,138.837,118.987,276.032,842.878,102.733,69.291,205.042,205.835,311.91,115.278
203,0.057,151.07,116.099,220.22,319.13,127.907,145.463,17.528,5.324,7.815,33.131,130.172,280.676,24.607,93.842,7.419,62.127,100.44,10.392,23.22
204,171.988,96.691,113.118,179.035,159.526,94.132,185.351,116.484,80.109,90.83,82.783,80.51,78.138,122.202,83.858,98.278,129.058,224.625,160.936,133.533
210,28.855,491.806,390.347,1044.317,653.467,431.69,489.144,113.494,314.033,199.095,493.449,903.476,136.515,167.692,363.786,340.963,630.757,182.757,228.46,53.689
214,15.631,374.773,273.116,794.81,476.09,242.392,320.15,154.043,239.815,164.832,444.46,506.899,371.828,227.044,235.766,294.127,594.879,185.758,152.854,52.867
223,27.467,27.835,26.788,26.901,28.034,28.09,27.835,26.533,27.949,25.287,26.646,28.147,28.26,27.666,24.636,23.786,24.324,28.175,27.014,25.06
292,28.588,30.417,35.66,32.593,33.618,51.151,37.501,29.909,33.842,45.753,48.644,63.722,25.752,24.098,27.329,93.083,42.799,50.099,33.132,35.234
293,67.762,60.881,123.036,42.673,28.996,39.644,352.802,34.103,33.703,70.481,51.691,84.994,23.163,76.042,282.087,130.72,321.594,246.166,51.742,39.053
295,12.588,17.192,17.077,15.424,18.744,13.642,12.171,7.467,12.157,11.621,9.736,9.164,10.813,12.163,13.721,12.237,11.866,11.866,11.932,13.096
297,1435.662,1973.681,1772.632,1747.147,1446.988,1588.572,2361.621,1483.8,1299.741,1390.355,1891.562,1857.582,1019.405,1517.78,1254.434,2404.096,2328.774,2273.839,1824.451,1879.952
300,293.648,251.862,177.591,118.615,76.526,135.434,747.305,107.163,71.64,219.153,154.013,294.812,57.426,107.023,152.295,438.759,252.593,264.018,96.632,108.132
307,934.456,1840.595,1217.624,736.238,707.921,424.753,4530.695,736.238,368.119,821.189,509.703,991.09,254.852,1245.941,1868.912,1019.406,1387.525,1387.525,1076.04,736.238
310,5269.756,7444.487,7229.279,6325.973,5063.044,4952.608,5623.716,4403.262,3885.065,4802.529,6442.072,6776.21,5637.875,4779.876,4188.055,4711.916,8027.813,10066.622,5734.152,6365.617
316,1030.307,778.91,1395.452,1236.113,809.577,1148.501,1458.882,1072.867,1578.378,1272.274,1020.537,1582.909,1659.364,1659.081,1537.602,883.399,921.91,1462.846,1601.032,1064.655
317,41.767,42.042,39.124,44.857,53.241,46.985,46.452,46.542,41.856,40.335,39.012,42.209,40.368,43.225,52.323,39.732,42.432,39.736,39.775,39.619
319,177.999,405.327,220.503,143.51,137.874,153.534,213.797,146.969,88.386,202.043,178.108,393.093,81.973,191.464,139.609,169.25,228.197,271.578,152.752,146.728
320,3.932,4.559,6.206,8.735,2.072,11.021,3.328,4.655,4.165,7.186,4.618,7.774,7.764,17.909,4.055,3.1,6.987,2.072,4.465,2.699
338,631.465,509.702,815.524,702.257,849.504,829.682,614.475,665.445,588.989,795.702,696.593,795.702,400.6825,767.385,512.534,424.752,1163.82,1370.533,566.336,877.821
355,250.042,538.161,308.392,366.067,317.155,128.006,486.494,330.467,487.522,149.692,201.538,517.191,312.041,392.836,175.769,511.769,337.215,594.818,396.415,477.245
361,58.492,33.858,43.964,12.446,9.673,55.979,10.598,29.047,8.619,41.751,9.617,21.835,37.753,35.899,51.4,30.411,18.681,6.944,17.304,30.356
362,40.029,43.996,34.779,38.029,98.373,29.11,31.873,26.006,13.193,8.284,11.845,29.68,36.237,24.284,16.171,72.566,27.819,30.878,43.354,37.992
364,287.319,64.027,1983.971,61.98,109.839,72.971,163.223,79.991,139.792,165.863,186.155,113.945,154.168,84.585,80.408,149.67,98.666,55.278,92.764,115.902
367,60.264,15.105,43.981,35.45,32.056,22.717,33.179,16.805,8.402,28.264,8.806,22.288,5.002,28.378,9.115,35.792,17.907,30.472,17.927,29.254
368,26.392,23.55,17.058,20.524,48.94,45.743,42.013,24.183,26.754,24.685,47.07,25.174,14.185,14.303,12.373,11.743,19.251,31.553,18.906,26.337
372,10.698,12.963,31.466,29.902,34.706,25.946,36.236,8.815,5.447,26.535,11.329,23.447,6.927,31.609,4.071,20.405,25.699,44.904,16.725,30.144
373,202.142,627.608,353.844,230.694,283.106,187.403,372.089,171.133,193.564,251.155,223.897,333.264,140.165,186.519,163.585,288.89,399.352,419.797,232.764,304.434
374,72.375,70.426,37.298,33.816,64.702,40.776,44.48,39.077,67.545,54.384,82.512,70.968,81.015,63.437,88.139,49.019,31.927,33.683,50.253,34.622
378,1.543,3.137,3.505,3.329,3.543,2.636,2.423,5.077,3.527,3.405,2.439,2.439,1.416,2.985,1.86,5.567,2.811,2.772,2.497,2.238
382,55.461,32.707,128.175,14.73,13.805,17.827,9.358,8.832,9.303,76.704,4.631,3.883,10.916,120.038,3.507,37.924,17.945,67.587,18.516,38.005
384,300.151,385.718,332.343,286.779,329.399,267.105,504.96,164.714,189.239,277.665,182.644,291.615,170.029,327.033,221.237,336.566,414.743,466.818,222.733,340.393
385,13.457,12.67,7.914,10.986,9.08,3.685,10.654,8.433,3.851,17.36,5.637,23.31,8.393,8.263,3.873,14.25,9.264,11.523,8.004,13.142
386,244.822,115.41,542.582,398.854,645.289,271.997,1209.527,117.787,78.203,574.058,167.989,189.515,37.647,1318.415,40.932,426.552,195.87,894.636,375.023,220.54
390,29.484,19.112,75.794,58.329,120.368,45.212,39.691,12.748,11.626,34.334,7.896,14.968,5.475,40.62,11.574,24.767,31.985,66.234,33.044,45.815
391,250.048,449.63,226.555,246.446,308.222,193.2,220.416,114.16,299.132,151.623,269.612,345.646,465.427,365.147,244.614,191.889,191.456,293.8,166.683,162.012
393,257.813,307.934,259.294,383.157,236.935,117.161,396.83,176.015,80.518,179.308,133.338,467.695,113.739,277.602,102.291,447.294,311.968,435.456,266.489,414.218
398,76.016,116.051,74.131,73.666,53.295,45.992,78.949,44.402,35.342,47.977,44.733,93.544,26.676,62.103,31.412,88.32,58.902,76.598,58.843,76.765
399,31.653,34.654,30.104,32.114,29.243,28.886,37.74,36.115,30.319,32.459,34.83,28.947,32.064,48.727,41.385,38.839,66.228,32.164,34.969,55.055
41,643.499,1096.568,353.252,499.084,324.935,406.346,1071.083,653.41,384.401,708.826,853.072,349.712,545.042,348.127,968.689,473.853,586.611,859.302,680.877,388.79
413,639.952,779.221,349.201,376.935,378.259,371.796,374.057,313.778,574.557,434.707,646.544,596.693,1258.238,635.673,725.465,392.347,336.077,337.194,352.435,325.512
415,90.585,90.755,82.062,245.988,269.123,193.885,168.627,96.702,102.818,134.222,111.795,90.331,90.699,83.308,116.212,69.461,138.073,152.514,102.365,156.082
416,116.156,76.144,72.519,459.327,356.254,193.687,197.028,79.938,105.169,75.068,71.953,83.62,82.317,103.385,87.442,124.141,171.175,228.488,137.223,188.448
419,7.14,19.005,11.044,39.687,4.792,5.964,26.286,30.397,7.769,22.309,12.12,35.878,22.151,18.132,35.535,11.156,17.388,21.279,13.49,27.425
42,807.029,1282.751,411.302,581.202,371.658,464.396,1204.172,732.697,431.831,805.755,1067.883,408.838,645.566,415.153,1240.049,614.843,680.17,1071.961,784.942,455.476
420,1.87,2.91,1.416,1.428,3.583,12.227,6.51,3.992,19.33,6.158,1.698,4.05,9.274,1.228,24.041,21.6,10.565,8.237,29.01,3.957
421,255.219,202.493,315.959,484.189,483.849,209.743,448.935,102.535,209.743,67.705,175.904,226.336,112.163,294.212,133.769,356.565,278.864,345.493,217.077,238.229
423,290.653,201.298,373.245,325.535,238.205,166.34,537.904,190.083,122.316,147.82,190.181,282.124,66.893,221.999,154.687,331.215,346.113,472.883,220.397,357.173
431,8.48,6.71,3.897,5.101,15.631,16.367,22.059,20.464,25.197,12.806,6.624,10.193,7.281,6.824,40.23,22.97,7.138,13.405,19.687,6.774
437,12.549,0.135,62.54,31.474,22.842,32.055,25.697,34.916,23.211,39.902,40.116,19.958,98.934,28.381,22.485,35.062,41.515,25.997,16.789,38.418
438,10.265,73.511,90.856,8.981,15.635,3.314,8.68,29.714,8.982,57.345,50.611,37.159,37.262,68.769,66.025,60.297,24.555,29.653,26.416,14.79
442,2.496,5.056,1.513,6.649,3.61,3.719,8.952,11.841,6.692,9.059,2.084,2.898,2.462,1.613,2.099,5.965,5.764,1.604,5.666,3.789
445,52.823,50.11,30.894,53.279,44.342,29.363,63.572,31.83,28.193,18.434,33.111,45.127,22.874,39.488,20.154,70.202,52.547,43.58,39.551,53.914
448,11.813,16.668,10.286,22.956,17.545,8.907,20.8,14.562,11.292,5.572,11.021,16.654,6.932,10.336,5.592,21.583,15.063,15.528,16.627,15.516
449,40.656,40.681,53.999,89.877,64.335,54.827,60.331,12.8,20.892,12.074,19.504,49.23,14.853,65.053,24.516,56.852,40.873,63.837,53.636,47.665
450,15.39,10.299,4.112,1.818,18.758,3.506,10.072,11.857,12.353,10.769,13.305,4.119,7.159,11.689,7.138,9.636,13.511,17.842,4.711,8.644
451,264.981,113.337,461.5,525.36,507.867,385.56,532.309,326.67,178.073,98.974,78.696,318.55,83.831,221.946,82.366,323.152,313.343,427.247,290.419,397.43
456,46.031,62.859,73.619,66.256,63.698,47.659,76.026,18.874,18.679,16.754,47.895,49.554,10.945,41.95,23.957,65.066,52.317,57.157,46.244,40.269
467,89.112,57.26,76.258,99.839,77.933,56.889,91.422,83.789,75.077,58.889,74.548,41.546,82.625,65.908,54.368,88.891,100.4,95.985,86.005,34.824
469,0.485,4.312,4.583,7.123,5.762,7.743,6.357,10.144,5.889,7.55,9.504,8.866,6.953,8.509,1.656,5.967,5.111,11.45,6.153,4.882
470,51.292,17.873,36.855,19.327,60.158,43.742,52.279,39.202,51.38,31.45,37.989,19.13,37.318,44.285,46.683,41.058,22.585,36.104,34.948,57.77
471,9.923,18.047,8.821,32.768,9.399,50.164,29.004,47.076,31.862,42.086,29.666,32.144,13.189,39.121,13.296,45.826,36.79,16.802,20.929,29.066
473,10.55,9.094,9.908,8.223,9.779,6.667,6.853,7.538,6.567,5.782,11.549,13.59,7.956,7.592,8.787,12.359,8.854,11.39,9.427,9.094
477,53.195,108.039,108.627,85.541,28.654,50.253,43.602,73.32,71.079,22.309,76.689,41.727,66.449,91.36,52.155,36.536,72.948,45.019,30.336,34.901
488,40.068,12.135,32.75,65.356,50.909,26.825,29.438,20.886,11.735,12.606,15.161,23.625,10.725,20.931,7.693,24.028,25.66,26.111,22.528,26.083
492,19.284,17.5,19.086,34.093,40.889,29.166,24.975,13.847,22.937,14.3,18.123,18.491,14.498,25.513,17.84,47.997,32.564,32.026,30.61,35.877
493,39.118,17.586,57.442,26.248,68.591,54.186,77.93,66.894,24.54,18.079,25.762,41.111,32.553,29.311,55.216,48.877,27.439,52.32,43.105,31.685
497,23.305,19.227,26.335,42.475,44.231,26.986,27.694,14.13,25.259,11.921,19.199,23.786,14.13,26.929,14.102,44.429,34.49,34.348,12.516,17.981
500,0.934,12.006,5.437,13.026,35.0,21.351,28.034,32.678,19.142,31.885,30.157,22.03,33.64,10.987,29.676,21.124,15.744,13.649,18.009,27.354
502,76.37,31.12,46.609,117.77,121.111,102.563,83.166,47.487,73.567,49.498,58.078,69.008,31.205,70.509,34.207,101.318,95.739,95.994,50.262,79.542
505,5.692,1.019,0.934,6.654,3.709,1.076,1.359,2.633,1.614,0.453,0.934,1.529,0.991,0.113,9.911,7.136,8.608,8.891,8.552,8.722
506,16.219,4.1,16.505,58.832,57.79,25.811,31.493,7.467,13.634,7.17,8.069,16.809,4.59,29.677,10.884,36.892,26.251,62.401,27.524,22.847
507,0.405,1.114,1.114,2.792,2.948,6.286,3.409,3.526,2.102,10.508,1.626,1.262,3.436,91.343,982.914,187.061,31.578,54.69,5.86,2.097
508,9.061,5.833,5.975,4.502,5.578,7.787,7.872,8.24,6.541,8.325,8.353,6.513,4.559,7.447,5.663,6.456,6.179,5.38,8.127,7.872
509,63.515,27.043,40.861,74.586,66.261,60.003,47.544,33.47,43.013,34.348,49.441,41.796,28.6,55.331,39.134,96.504,67.026,75.153,33.102,58.474
511,89.34,10.619,31.602,95.428,86.366,64.279,24.636,79.287,43.183,31.149,19.822,17.047,15.886,16.82,24.494,96.107,19.907,38.653,41.541,62.042
517,26.165,17.047,25.23,45.958,59.579,43.013,40.405,44.882,33.867,11.61,19.142,18.463,13.592,38.369,34.507,68.361,50.477,42.243,25.188,35.185
518,86.286,10.704,0.261,9.508,15.176,23.771,20.226,26.373,11.873,45.839,30.907,30.951,32.951,24.669,24.798,18.074,10.093,26.925,17.031,34.848
522,37.152,8.07,22.767,35.821,51.905,34.631,17.132,45.845,28.798,18.661,17.981,13.394,12.743,15.291,18.321,77.248,21.889,27.552,14.753,33.046
524,53.802,6.513,53.802,1.586,45.307,35.396,40.776,37.661,33.697,4.842,4.106,2.098,3.087,2.149,36.246,43.608,3.823,3.993,2.268,16.537
529,9.486,3.596,4.474,7.306,6.966,7.872,5.154,6.824,5.324,4.389,3.681,3.426,6.569,4.361,6.06,13.026,5.833,24.777,4.927,6.286
530,23.268,20.759,18.288,22.007,22.102,35.381,26.748,29.922,21.656,28.353,15.33,22.176,9.904,18.71,15.595,12.683,19.351,26.049,21.809,25.156
531,5.758,23.9,264.772,1262.76,816.698,3.028,11.503,21.985,8.672,30.352,23.861,96.307,26.685,63.56,26.511,37.507,47.023,21.057,22.038,21.27
533,15.008,12.431,19.142,11.157,12.205,11.298,7.787,8.099,8.637,9.684,12.261,11.751,13.016,16.105,17.652,8.993,9.118,13.156,36.291,8.98
536,44.522,27.301,34.268,49.785,50.075,53.885,47.33,35.994,27.213,21.411,33.062,31.448,21.531,41.613,33.416,68.719,40.559,47.63,21.696,29.181
537,0.51,2.122,2.017,1.91,0.977,1.583,1.592,1.793,1.323,4.824,3.783,3.0,2.638,4.633,7.416,7.129,6.77,6.736,4.212,4.11
541,258.009,90.371,158.789,235.818,455.441,279.914,254.938,234.134,105.304,86.347,127.879,163.663,101.195,263.336,145.078,373.81,241.688,288.552,134.617,160.331
542,91.528,76.714,76.796,227.657,243.553,142.98,139.661,80.654,63.18,79.151,64.022,163.645,101.706,118.956,102.192,253.663,159.201,134.331,96.387,105.678
549,11.813,16.668,10.286,22.956,17.545,8.907,20.8,14.562,11.292,5.572,11.021,16.654,6.932,10.336,5.592,21.583,15.063,15.528,16.627,15.516
55,37.974,164.246,79.919,68.77,91.709,51.316,83.423,120.919,52.526,61.56,93.828,261.486,45.746,45.383,48.218,86.488,214.131,88.563,73.71,90.873
567,185.41,128.695,135.021,121.101,64.612,57.399,38.911,64.102,87.586,150.808,74.369,140.713,61.141,138.261,100.159,88.783,72.387,82.135,15.912,65.362
57,33.735,160.738,69.323,42.041,51.723,33.844,65.826,71.75,46.654,41.0,66.472,216.651,35.888,40.397,39.83,62.338,203.907,66.013,69.13,56.242
572,5.823,5.118,3.441,4.007,2.855,5.149,3.527,2.515,3.651,120.974,4.037,3.527,3.466,2.33,5.873,3.159,3.749,25.484,2.65,6.178
574,41.118,17.055,21.847,30.649,39.318,36.63,24.994,29.59,16.401,13.591,23.337,18.704,16.009,35.086,26.386,30.734,13.701,38.114,22.23,25.368
575,111.713,283.113,61.117,106.989,88.202,105.776,79.717,86.727,42.706,41.384,78.717,47.371,44.394,86.775,59.076,102.941,40.057,86.681,52.034,64.741
585,1.841,226.11,37.676,225.317,111.002,31.148,120.545,17.132,4858.03,26.788,39.813,122.385,104.404,24.89,34.348,16.367,56.407,153.562,14.073,44.174
592,1.501,243.836,88.065,218.549,94.21,20.445,82.742,15.489,20.813,9.146,14.357,92.794,134.731,237.691,26.873,14.385,55.189,120.715,17.273,198.614
595,36.189,666.804,660.574,1269.924,434.436,162.623,238.314,117.345,109.218,242.052,102.677,505.795,481.244,89.594,204.249,228.432,420.589,467.68,169.986,88.801
597,2075.516,864.309,1552.106,3216.877,5417.116,2529.125,2576.984,1514.954,1038.139,688.961,811.844,1146.785,1131.821,2506.502,1087.855,2595.583,1618.605,2444.792,1699.977,1688.35
60,36.153,144.954,46.745,55.115,37.272,72.904,45.239,75.506,37.012,34.903,57.295,112.146,26.724,44.327,27.826,54.132,153.661,63.045,63.185,61.036
600,22.823,707.41,613.483,1186.276,493.505,206.967,316.129,214.755,188.222,344.219,171.713,1815.588,621.525,109.331,260.571,241.089,491.438,707.693,173.639,112.616
601,316.089,105.422,184.83,234.496,255.412,322.612,256.155,218.689,101.838,106.042,157.568,157.582,148.308,255.473,174.796,303.012,75.577,234.975,122.917,173.477
605,4.276,236.983,138.243,508.23,150.985,48.252,97.778,63.628,83.308,267.197,41.965,135.977,190.77,30.044,78.664,65.582,208.412,1905.721,76.767,28.43
609,2.832,140.366,86.961,273.993,97.183,19.284,62.184,10.959,44.769,138.979,24.721,59.805,110.436,7.985,35.113,12.686,36.359,222.372,21.861,10.421
612,12.431,208.044,219.427,531.79,200.993,56.888,84.611,73.794,50.517,291.833,55.218,200.398,1093.85,42.22,100.61,86.649,181.369,986.472,56.435,28.204
63,66.825,240.115,85.468,80.741,50.826,84.043,70.998,60.419,46.123,52.994,54.75,135.139,35.22,51.661,38.125,87.607,256.265,92.519,84.266,73.53
657,48.393,33.451,59.876,41.402,56.634,89.332,114.833,119.245,115.016,36.902,176.769,103.229,60.901,75.831,74.84,120.393,98.249,121.095,72.483,16.302
664,68.328,50.206,85.202,23.299,54.963,96.204,101.636,75.406,77.6,57.937,55.829,186.743,80.656,60.918,66.275,76.873,58.603,71.135,79.267,5.646
7308,566.817,363.758,414.416,311.003,318.649,1014.931,551.13,516.612,931.141,1269.895,598.645,814.448,590.972,1103.704,457.911,337.111,256.295,200.2,758.919,846.248
7311,226.534,109.02,362.455,271.841,538.019,543.683,807.029,2123.76,750.395,661.197,379.445,93.445,178.396,659.781,672.524,744.732,176.98,580.494,334.138,481.386
7313,558.872,822.736,727.014,525.551,740.439,338.658,650.703,215.179,281.205,310.23,332.657,647.206,235.338,483.849,266.911,755.243,814.159,1000.421,659.617,580.8
7318,1403.579,1297.023,1236.481,1455.342,2596.509,888.015,892.546,1474.597,889.346,2138.088,1377.159,1774.076,1284.337,947.423,2028.304,1222.776,1062.531,2051.014,1497.789,1595.652
753,1274.258,2010.496,2208.714,1529.11,1953.862,1189.308,2690.1,1019.406,1047.723,1274.258,1359.209,2406.932,1642.377,2038.813,2123.763,2067.13,2520.199,2860.002,1840.595,1868.912
758,46.638,47.431,47.034,46.808,47.346,46.978,47.261,46.581,46.44,46.468,47.232,47.289,46.581,47.402,47.487,47.176,47.402,47.147,45.902,47.487
768,40.805,41.116,40.889,40.861,41.088,41.088,40.974,40.889,41.003,41.088,40.748,40.946,41.088,38.143,41.116,40.097,41.031,40.72,41.003,41.088
777,132.398,7.966,34.934,13857.223,28.67,110832.805,593.625,133.766,4.959,2.487,43.748,40.68,8.249,14.235,22.96,15.755,3.474,40.592,13.145,260.652
78,5.79,2.872,1.831,1.288,2.827,17.575,3.724,3.478,2.528,2.092,3.268,2.144,1.495,1.837,3.279,4.705,4.28,23.721,17.543,3.906
780,5.312,10.772,27.193,76.404,16.517,4.012,15.884,92.168,7.053,116.327,129.712,123.195,142.417,153.396,52.568,79.219,38.468,119.646,5.241,15.958
784,2.291,17.27,47.841,36.019,30.693,1.552,53.34,36.057,1.807,19.262,1.383,2.874,0.756,5.986,12.598,44.976,25.143,106.811,24.585,18.041
789,36.019,35.736,36.047,36.189,36.047,34.49,36.189,34.801,35.962,35.736,35.736,36.047,35.481,35.368,36.047,35.736,35.736,36.246,36.274,36.217
798,28.77,33.898,240.917,61.943,111.965,9.495,209.612,138.728,6.214,14.257,21.719,15.489,12.686,119.384,43.287,56.719,72.676,427.977,85.648,104.768
827,1.133,49.838,9.061,13.875,14.725,39.644,35.821,1.274,8.495,1.303,15.008,16.424,58.927,33.754,44.712,11.044,14.3,1.982,26.136,26.901
836,44.033,154.468,99.307,182.502,79.315,63.543,139.517,50.347,83.648,68.697,165.03,246.554,193.857,79.995,444.545,92.766,179.868,41.173,329.466,205.268
837,10.398,3.789,102.538,17.539,39.154,107.137,61.973,94.655,9.292,30.251,14.755,21.781,16.99,108.123,50.809,128.616,112.717,320.903,29.332,29.494
854,96.136,108.029,158.234,42.305,7.476,90.132,10.59,94.635,128.218,165.597,161.859,189.213,97.183,333.374,94.408,45.505,6.626,320.943,52.358,19.85
868,14.873,31.982,33.024,18.542,12.851,72.688,52.473,58.882,44.393,27.482,63.412,49.312,22.217,34.453,38.65,33.329,17.854,13.545,46.093,51.525
870,1302.575,1132.674,3454.655,1699.011,1359.209,1189.308,2605.15,5776.637,906.139,1160.991,934.456,1529.11,962.773,1783.961,1614.06,2491.883,3681.19,4587.329,1444.159,2010.496
872,13.363,17.075,23.172,10.237,32.023,6.51,32.812,57.619,9.644,15.262,19.269,28.625,5.465,51.502,50.14,146.733,32.05,22.776,34.192,8.723
882,4.021,3.828,7.747,6.595,5.952,2.384,3.956,3.311,2.214,2.268,2.472,12.738,1.938,14.793,5.707,20.345,20.994,15.646,28.57,16.576
884,1529.11,1373.367,1302.575,1302.575,1529.11,1302.575,1415.842,1274.258,1132.674,1047.723,962.773,1472.476,1189.308,877.822,1160.991,1330.892,1472.476,2237.031,1670.694,1217.624
885,1.513,1.254,1.436,0.926,1.6,0.77,1.747,1.074,1.274,1.082,0.934,2.432,0.906,2.894,1.691,3.776,2.659,2.861,5.35,2.718
893,33.751,23.758,75.994,30.744,57.409,10.964,162.572,74.084,6.366,15.486,13.681,311.485,6.419,41.762,50.655,51.456,72.762,81.524,41.948,110.665
895,1217.624,1146.832,1019.406,1245.941,1302.575,1274.258,1302.575,1359.209,1104.357,1047.723,962.773,1019.406,962.773,877.822,1047.723,1982.179,1670.694,1897.229,2095.447,1444.159
898,188.986,83.591,115.617,250.151,305.085,109.416,268.245,88.235,123.518,162.963,98.769,285.094,96.589,160.698,127.256,224.439,139.064,168.91,119.978,178.736
919,13.734,38.454,37.916,50.404,44.429,27.694,40.125,104.772,10.675,32.989,9.288,27.609,16.282,51.537,35.566,31.035,45.024,8.778,55.076,31.687
920,60.4,60.853,62.269,60.145,62.693,61.079,61.334,61.419,61.872,61.306,61.306,62.439,60.428,59.324,60.173,60.74,60.74,61.306,61.136,61.056
929,56.011,56.634,43.976,517.008,60.032,57.058,59.805,54.963,57.257,254.426,49.158,44.91,51.791,59.38,55.756,50.715,54.765,54.368,54.906,54.283
936,82.6,83.648,113.041,96.192,83.28,80.844,66.091,84.469,66.403,56.634,55.473,64.449,80.278,3.597,4.683,4.136,4.158,13.052,168.45,4.137
938,248.766,38.088,26.075,8.359,21.14,6.133,7.021,18.376,19.616,24.521,12.234,38.818,40.711,72.489,88.795,8.106,19.304,20.437,6.968,8.627
939,5.744,8.586,5.962,23.175,8.417,21.955,26.259,26.505,10.612,17.17,2.365,10.125,9.18,13.85,4.932,3.811,59.987,2.85,3.823,20.06
948,286.883,189.226,174.472,1137.551,70.743,37.435,386.779,67.024,1204.778,42.459,21.198,23.65,443.203,67.171,216.614,51.026,89.43,59.489,64.253,21.091
952,212.395,22.352,31.732,26.824,119.593,54.872,19.353,11.812,51.592,21.495,105.953,18.137,12.565,119.97,47.071,220.961,70.268,67.133,125.453,14.996
953,1.494,1.565,8.963,49.111,1.954,2.22,9.65,17.229,7.905,5.46,2.058,3.96,28.63,26.627,12.45,10.747,54.46,6.015,6.651,6.176
956,80.664,15.378,232.277,18.451,26.629,19.695,15.618,9.486,306.614,3.452,107.144,4.783,36.005,392.4,108.552,174.604,31.066,28288.002,13.52,28291.428
957,3.115,1.982,40.776,15.008,9.345,3.398,4.814,8.778,1.557,2.973,4.248,4.729,1.388,1.727,6.994,3.37,3.936,11.157,18.548,6.031
958,10.074,5.247,9.87,4.891,5.217,6.67,4.067,6.908,19.375,123.641,4.039,28.319,11.462,16.602,4.253,13.072,15.488,7.764,9.175,30.05
974,23.928,86.225,58.333,40.635,33.697,229.791,44.457,36.812,75.889,61.164,76.455,35.396,42.475,90.614,90.614,11.893,50.97,77.871,24.069,93.445
982,283.168,126.01,461.564,300.724,278.071,234.038,521.879,228.517,280.336,110.436,283.168,33.272,351.128,485.633,158.291,501.207,220.871,279.487,148.663,787.49
987,195.289,140.911,161.105,64.661,50.758,106.853,77.702,53.413,114.066,138.954,407.054,116.575,149.388,79.552,227.512,88.348,77.082,22.641,107.442,66.014
989,1342.641,2660.788,1671.824,3500.948,3065.407,5195.708,3992.244,12594.463,2916.63,1316.731,2995.21,736.237,1149.662,4734.569,8302.486,6830.012,1583.617,2443.315,1829.265,3915.647
993,1166.652,1817.939,798.534,3145.996,1659.364,750.395,2350.294,5470.806,3961.52,1407.345,1373.365,1288.414,2741.066,764.554,1407.345,1679.186,690.93,1090.197,2389.018,768.683
