,SurfArea,Capacity,CatchArea,DamHt,DamLen,Depth,AvgRelease,DOR,Elev
1001,3.41061952024106,5.718671087149952,6.530877627725885,3.4011973816621555,8.760766624241956,2.312535423847214,8.462103225098277,5.318119993844216,6.013715156042802
1003,2.2778824803536737,5.974826905954958,7.557994958530806,3.295836866004329,7.269616749608169,3.696351468952637,9.661479683575521,4.375757021660286,5.6240175061873385
1006,4.569460103354013,7.6327886484044045,8.001019961323651,3.8918202981106265,7.527793987721444,3.0633909220278057,10.514230906841258,5.180096735160606,5.579729825986222
1007,2.178268258486665,5.756691130311603,7.2875606403097235,3.367295829986474,7.513709247839705,3.5779478934066544,9.308736693832376,4.509760001183433,5.676753802268282
1017,1.9338375678210442,6.233233562545356,7.762170607138205,3.8501476017100584,7.160845906664299,4.300002799195291,10.174201476757755,4.120661870539474,5.017279836814924
1020,2.8164261657204936,6.032846384886751,7.1853870155804165,3.091042453358316,7.764720544771477,3.214867803470662,9.32375833901174,4.770684624465665,5.37989735354046
1021,4.41595693593629,7.107753020789034,9.008224187854049,3.044522437723423,7.513163545234075,2.6946271807700692,10.101067111719063,5.0682750735426705,5.855071922202427
1023,4.073427313966713,7.400620577371135,11.687298851915008,3.6375861597263857,7.9672801789422,3.32862668882732,11.66554354239074,3.7977338590260183,5.730099782973574
1026,4.771582526315865,8.359439361365961,9.243678431586693,4.3694478524670215,7.579678823090456,3.5890591188317256,11.904433626449189,4.516338972281476,5.6240175061873385
1027,1.884034745337226,4.821893169499378,8.512381634419015,3.258096538021482,8.255308811785596,2.9391619220655967,8.443977129084978,4.440295542797857,6.424869023905388
1028,1.2963696535919036,4.919980925828125,5.093750200806762,3.4011973816621555,6.880384082186005,3.624340932976365,7.118826249062078,5.8630628323034575,5.455321115357702
1032,4.742668699173725,7.561797739661321,9.318117964149614,3.7376696182833684,7.1846291527173145,2.8213788864092133,11.448002870085778,4.175924549214524,5.262690188904886
1033,4.267765514784837,7.786468746500926,8.03398273468322,4.248495242049359,6.665683717782408,3.517497837358316,10.501004502080823,5.3471075307174685,5.8377304471659395
1036,5.031763839360192,8.8054800809293,9.654320816312682,4.454347296253507,6.5337888379333435,3.7727609380946383,12.329068736239314,4.537961436294641,5.2832037287379885
1042,4.374951666001918,7.802209316247118,8.462314529906248,4.330733340286331,6.684611727667927,3.427514689979529,11.070645946239251,4.793308128103486,5.111987788356544
1048,4.377566703951788,7.6319649849939,12.1381417099896,3.6109179126442243,7.2456550675945355,3.254242968705492,12.472030445507794,3.2228678461377385,5.407171771460119
1053,4.211490357847139,7.367897948380997,10.385049130615592,3.5263605246161616,6.814542897259958,3.1570004211501135,12.558210813847657,2.8735646395797834,5.135798437050262
1067,4.774533141617654,8.162801353492073,7.995643604287271,4.31748811353631,6.251903883165888,3.3877743613300146,10.528891081009554,5.6957503029589365,4.875197323201151
1070,3.448748683520378,6.773880970425809,9.845381631129095,4.276666119016055,8.690137586397595,3.3250360206965914,8.348301054933943,6.487379558138218,7.15305163493748
1078,4.546470585129313,6.396429530174464,12.876276120769482,3.295836866004329,6.706862336602747,1.8562979903656263,13.970161112833184,0.47000362924573563,4.663439094112067
1084,2.424094510391243,5.762680115903686,7.134890851565884,3.5553480614894135,6.748759547491679,3.339321977944068,9.526901403978341,4.297285406218791,4.787491742782046
1086,2.468777267858117,6.784909448983291,8.770594329891145,4.174387269895637,6.361302477572996,4.316153890523174,7.79770203551669,7.048994390674862,7.274479558773871
1092,2.2660248376822434,6.026831690945273,7.480428306074208,3.4339872044851463,5.730099782973574,3.7612001156935624,10.096749049368418,3.9926809084456005,4.663439094112067
1093,3.165854722890948,6.267769646536424,7.868254265520613,3.4011973816621555,7.459914766241105,3.100092288878234,10.197760358311859,4.131961425793407,4.990432586778736
1095,3.01754268781784,5.098646171418969,8.894944460956886,3.5263605246161616,6.363028103540465,2.0794415416798357,8.664405571096625,4.49647076906475,6.1675164908883415
1101,3.674298669236403,7.442434138770287,7.85748078694253,3.332204510175204,8.022240916806537,3.768152635008444,11.11842997005065,4.385769620952716,4.1588830833596715
1109,1.8690291047193557,4.3254562831854875,9.328390038749998,3.912023005428146,6.366470447731438,2.4595888418037104,8.558143177745192,3.828641396489095,7.16703787691222
1112,4.972067700946997,8.442210991082549,7.952263308657046,4.290459441148391,5.814130531825066,3.4688560301359703,10.687685855980014,5.816217903985989,5.198497031265826
1120,3.6167925152190357,7.050902788200622,7.291656209174461,3.4657359027997265,8.531293315795018,3.4339872044851463,8.435766192720509,6.676957508731068,5.680172609017068
1121,3.811030712954072,7.437559661345909,7.029087564149662,4.30406509320417,6.943122422819428,3.6270040503958487,9.86104966983816,5.638354669333745,4.836281906951478
1122,1.599387576580599,5.611667185748395,6.569481420414296,3.8918202981106265,6.278521424165844,4.012772908528289,9.251386341412184,4.422448549172797,5.075173815233827
1124,1.5965552866030868,5.281679725395013,5.666426688112432,3.8501476017100584,6.6240652277998935,3.686376323895818,8.412943170042439,4.930870325627393,5.099866427824199
1125,3.1094626638810134,6.60773068333197,6.434546518787453,4.0943445622221,5.659482215759621,3.4995332823830174,9.304559047215164,5.365040998590945,5.135798437050262
1127,1.9469096493883968,6.124902185337699,6.0867747269123065,3.8918202981106265,6.577861357721047,4.177459468932607,8.764834214330834,5.421861552639491,4.948759890378168
1128,3.868238293057124,7.359849487684305,8.39660622842712,3.4339872044851463,8.042056410058754,3.490428515390098,10.723905946624765,4.697749367281185,4.844187086458591
113,1.106249715797321,2.995732273553991,3.295836866004329,2.772588722239781,6.363028103540465,1.8870696490323797,5.780743515792329,5.27658287440203,7.3310603052186325
1134,3.0612390757561108,6.336294616678791,6.028278520230698,3.367295829986474,7.67693714581808,3.2733640101522705,8.424858580213442,5.973300576480311,4.955827057601261
114,0.7943490610689127,3.8732821771117156,5.123963979403259,4.127134385045092,6.363028103540465,3.077312260546414,7.516977224604321,4.417635062141249,6.51471269087253
1144,4.534522374414343,7.7354333524996886,9.273784544532717,3.332204510175204,8.584851839890053,3.202746442938317,11.905116190347785,3.8918202981106265,4.394449154672439
1151,4.229487156164394,7.776115477098742,7.485491608030754,3.7612001156935624,8.433594167539924,3.5467396869528134,9.248021438943871,6.589888875353041,5.262690188904886
1170,4.226045113211767,7.035532648923963,7.600902459542082,3.2188758248682006,8.689632748355741,2.8094026953624978,9.547026871355778,5.550242719287699,5.017279836814924
1192,4.098618748194706,6.836581459527612,9.021115038865434,2.772588722239781,7.034387929915503,2.740840023925201,11.531737405619975,3.367295829986474,3.970291913552122
1197,3.1575959884455496,6.675192505751435,6.385194398997726,3.4965075614664802,8.81877816903701,3.517497837358316,8.09101504171053,6.646000828540272,5.075173815233827
1207,4.489186780026352,8.344314906249577,8.963672275615016,2.995732273553991,8.872346978983032,3.8543938925915096,11.862518390511761,4.543294782270004,4.48863636973214
1237,2.77064934285873,6.026348948961484,6.7661917146603505,3.2188758248682006,7.7437032581737535,3.254242968705492,8.498214224818435,5.589866950526307,4.859812404361672
1249,-0.15899573149045795,4.107589788972121,4.812184355372417,3.332204510175204,7.636752112435779,4.26689632742025,4.882801922586371,7.28660258918601,6.352629396319567
131,4.031670967694041,7.876069038923444,7.489412083508719,5.099866427824199,6.364750756851911,3.8437441646748516,10.621522448603852,5.316157284676367,6.573680166960646
132,4.630779451494511,8.49509072150829,9.85314117809939,5.209486152841421,6.366470447731438,3.8649313978942956,11.753908934412769,4.803201036487226,5.777652323222656
133,2.406404421633043,5.573673789309181,6.2422232654551655,4.454347296253507,6.364750756851911,3.1654750481410856,9.386140711779872,4.249922794040544,5.91350300563827
144,2.336793264323783,5.177843213080163,7.57095858316901,3.871201010907891,6.807934943699926,2.8390784635086144,10.113626914715084,3.126760535960395,4.9344739331306915
148,3.8197980613856286,8.381717051853787,9.137877200242468,5.459585514144159,7.653969180478774,4.562262684976814,11.806400724462772,4.636668853047462,5.537334267018537
1585,1.233143181625716,4.850466541943434,5.575949103146316,3.9889840465642745,7.237059026124737,3.616308761279101,8.53817159780143,4.37449836825309,5.2574953720277815
1586,0.8211005448704062,5.240688253711401,7.67786350067821,3.332204510175204,7.591357046698551,4.420044701861403,10.045811427748324,3.258096538021482,5.41610040220442
1587,2.019691537274062,5.784132827309859,7.284134806195205,3.713572066704308,7.527793987721444,3.763522997109702,9.712448105122451,4.133565275375382,5.43372200355424
1592,2.3748127269909265,6.118977867406942,7.655864017616056,3.7612001156935624,7.798933310041217,3.744787086052232,10.107407508882579,4.074141854904581,5.407171771460119
1595,0.7400307664587957,2.785011242238338,2.772588722239781,2.5649493574615367,6.386879319362645,2.0412203288596382,5.337538079701318,5.5093883366279774,5.739792912179234
1600,1.0557047876568333,4.6839813664123815,6.222576268071369,3.5263605246161616,5.4638318050256105,3.6270040503958487,8.625688787569537,4.120661870539474,5.7430031878094825
1606,1.7139780917080243,4.115779842942166,5.214935757608986,2.995732273553991,7.028201432058005,2.3978952727983707,7.792348924113037,4.385769620952716,5.645446897643238
1615,1.1768071362531665,5.076423034634259,6.184148890937483,3.4011973816621555,6.293419278846481,3.899950424193877,9.078864009187797,4.05871738457895,4.430816798843313
1617,2.1110613254352915,4.330733340286331,5.236441962829949,2.772588722239781,6.156978985585555,2.2192034840549946,7.797291273547472,4.59511985013459,5.60947179518496
1619,1.807796846925679,4.198704577546343,5.19295685089021,2.995732273553991,5.66988092298052,2.388762789235098,7.726212650507529,4.534747721691546,5.60947179518496
1620,2.1361762546601404,4.410371107683024,5.755742213586912,2.833213344056216,6.278521424165844,2.272125885509337,8.27308133366583,4.198704577546343,5.627621113690637
163,-1.5558971455060706,3.2268439945173775,4.574710978503383,3.5263605246161616,6.703188113240863,4.782479200958502,7.372118028337787,3.9160150266976834,7.475339236566737
1631,1.5991855359697489,5.823045895483019,7.560601162768557,3.58351893845611,6.056784013228625,4.223909766576744,10.047631185616188,3.8372994592322094,5.429345628954441
1634,2.0438143640366846,4.364371699435161,5.488937726156687,3.4011973816621555,7.609862200913554,2.322387720290225,8.031710375322042,4.394449154672439,5.723585101952381
1636,2.62358104447576,4.693181063310805,5.749392985908253,2.6390573296152584,6.573680166960646,2.066862759472976,8.200562797008564,4.554928969551344,5.5254529391317835
1645,1.7282870462724815,5.098646171418969,6.3578422665081,3.58351893845611,6.340359303727752,3.370738174177447,8.899048433885268,4.2612704335380815,5.272999558563747
1650,0.8658391883780567,3.502549875922443,4.465908118654584,3.258096538021482,5.662960480135946,2.6390573296152584,6.816735880594968,4.747537427275013,5.4116460518550396
1654,1.7136177313437642,5.639777144680289,6.669498089857879,3.828641396489095,5.66988092298052,3.9259259105971376,9.226508953137767,4.475061500641071,5.267858159063328
1655,2.3464105725340754,5.699439725222064,6.437751649736401,4.007333185232471,6.694562058521095,3.353406717825807,9.024131268455035,4.73707525686803,5.556828061699537
1656,2.9889090482058656,6.094923255476212,6.887552571664617,4.007333185232471,6.748759547491679,3.104586678466073,9.492959650085501,4.663439094112067,5.424950017481403
168,1.0206507471983979,4.457829598089382,7.962067308753666,4.442651256490317,5.8522024797744745,3.4372078191851885,11.108799459863294,1.410986973710262,5.14166355650266
1683,2.057323736426217,5.896054362303324,6.7580945044277305,4.127134385045092,6.091309882077698,3.8394523125933104,9.374837343857585,4.582924577040772,5.43372200355424
169,1.910282971412162,5.256453162449338,5.641907070938114,4.007333185232471,6.97914527506881,3.3463891451671604,8.786914938491025,4.531523645819793,5.43372200355424
1691,1.007227726866257,4.398146016553765,6.042632833682381,3.295836866004329,6.056784013228625,3.391147045808654,9.174298600628918,3.2846635654062037,5.484796933490655
1699,1.5166645122817455,5.790571604728592,7.239214973779806,4.1588830833596715,5.883322388488279,4.273884476054178,10.451464441932911,3.4011973816621555,5.634789603169249
1703,3.4958709952648364,5.919162635352577,6.073044534100405,3.784189633918261,6.124683390894205,2.424802725718295,8.536014945656826,5.4450117456988405,5.10594547390058
1706,1.044156102872051,3.835141961092188,5.3230099791384085,3.258096538021482,5.796057750765372,2.791165107812717,7.69484807238461,4.2017030805426,5.198497031265826
1707,1.06333047452347,4.9890711161804155,6.234410725718371,3.6109179126442243,6.09807428216624,3.9259259105971376,8.644882552557126,4.405498990859024,5.303304908059076
1709,1.5725664376581956,6.23421462806111,7.630946580890459,4.77912349311153,6.543911845564792,4.661550519424199,10.600253178618784,3.696351468952637,6.180016653652572
1712,1.1881482539789647,4.623010104116422,5.823045895483019,3.5263605246161616,5.293304824724492,3.4339872044851463,8.23880116587155,4.446174454497633,5.3471075307174685
1713,1.9439081463846402,4.631812116934513,6.26530121273771,3.871201010907891,5.564520407322694,2.6878474937846906,8.636752426473876,4.056988775678332,5.272999558563747
1714,3.3274073076914,6.630023537383524,7.65728279297819,3.8066624897703196,6.71295620067707,3.3032169733019514,10.129028228450059,4.563305981889393,5.43372200355424
1716,4.291527363866569,6.6198065043018115,7.144407180321139,2.772588722239781,8.044626279767337,2.33214389523559,9.364090971782101,5.31762967758041,4.804021044733257
1718,2.361608433443507,5.885548321516433,6.825460036255307,3.8918202981106265,5.966146739123692,3.5234150143864045,9.483187955469509,4.463606621666305,5.14166355650266
1723,0.16126814759612232,4.507557357121091,5.605802066295998,3.8918202981106265,6.1903154058531475,4.3463994570307305,8.008032846969307,4.5612182984589085,5.389071729816501
1726,1.1866231659908228,4.745801315727837,6.269096283706261,3.58351893845611,5.627621113690637,3.55820113047182,8.718500048121273,4.089332020398556,5.332718793265369
173,2.642622395779755,6.093118200834482,5.777652323222656,4.23410650459726,5.683579767338681,3.449987545831587,8.62515033292133,5.529825834193874,6.111467339502679
1733,0.3967606674780181,5.526647444549546,7.234177179749849,4.543294782270004,6.054439346269371,5.1298987149230735,9.863706682524283,3.7256934272366524,5.7899601708972535
1735,0.9954715297485963,5.311727053457954,6.927557906278317,4.07753744390572,5.814130531825066,4.316153890523174,9.421330367117822,3.9512437185814275,5.4638318050256105
1739,0.8127064156175846,5.333201768401539,6.968850378341948,3.8918202981106265,5.739792912179234,4.520701029361642,9.586033321750676,3.8088822465086327,5.472270673671475
1740,2.890038368994927,6.622337308183424,7.500529485395295,3.9318256327243257,5.700443573390687,3.7328963395307104,10.10409915534325,4.579852378003801,5.049856007249537
1741,3.427125003672071,6.793578233919738,7.475905969367397,3.784189633918261,6.573680166960646,3.367295829986474,10.158052248525081,4.697749367281185,5.351858133476067
1742,1.0238887424721732,5.191288793789513,6.35088571671474,4.330733340286331,5.631211781821365,4.1666652238017265,8.968650903374874,4.28496492183075,6.068425588244111
1744,0.5911144549947938,4.074141854904581,5.043425116919247,3.6888794541139363,5.389071729816501,3.484312288372662,7.581209826196346,4.554928969551344,5.768320995793772
1752,5.542102408900107,7.850921604861647,10.726917103358996,3.871201010907891,8.04012466444838,2.312535423847214,13.477406390467934,2.4336133554004498,4.653960350157523
1753,6.354152625860088,8.930626469173578,11.55264605316516,4.143134726391533,7.8504931808711405,2.580216829592325,14.576960571989687,2.4159137783010487,4.663439094112067
1754,2.94606922853489,6.2865565977347755,6.56244409369372,4.454347296253507,6.07073772800249,3.339321977944068,9.266342562091468,5.082025290182929,5.739792912179234
1755,3.4660795937312314,6.913240209212707,7.789040401657477,3.8066624897703196,7.098375638590786,3.4468078929142076,10.619276463576899,4.355425952876702,5.111987788356544
1756,5.072188112455947,8.92408394946908,9.609787407758784,4.3694478524670215,7.466227556215481,3.8522730010223722,12.369928930369513,4.616110126026426,5.332718793265369
1761,5.198071526386823,8.3305744147844,9.924808634239811,3.784189633918261,6.744059186311348,3.131136910560194,12.487564347111636,3.903990833730882,4.532599493153256
1762,4.49585742604739,7.6517381492445775,7.786551806428712,4.110873864173311,6.259581464064923,3.1570004211501135,10.672229100017557,5.04148775757902,5.267858159063328
1768,4.0687703111026705,6.510555915291006,10.315564090231947,3.4011973816621555,7.04141166379481,2.4423470353692043,13.155016416679329,1.410986973710262,4.90527477843843
1775,3.967457712316247,6.6898479944631735,7.761319180947987,3.8066624897703196,6.71901315438526,2.7212954278522306,10.57497688594327,4.175924549214524,5.003946305945459
1776,1.6407427622625128,5.93330563293445,6.856461984594587,3.8066624897703196,6.272877006546167,4.293195420967266,9.736547097780475,4.258445572902527,5.768320995793772
1777,4.086765916698551,7.855699704658087,8.636929873018572,4.330733340286331,6.489204931325317,3.768152635008444,11.57224099500568,4.345103280569283,5.293304824724492
1782,3.6495667367283953,7.138390696054643,7.592366128519796,3.332204510175204,6.369900982828227,3.487375077903208,10.014894750110258,5.185148668442399,4.30406509320417
1796,3.610079723624096,7.616283561580385,8.383433201236713,3.5263605246161616,6.003887067106539,4.005513348515485,10.481728804594715,5.196284640982885,4.219507705176107
180,2.174297072692515,6.316803610736861,5.855071922202427,4.6913478822291435,6.81783057145415,4.143134726391533,9.119540007649686,5.259056652594734,4.941642422609304
182,3.5175571827783507,7.005516996764633,8.480944058741116,4.6443908991413725,6.363028103540465,3.487375077903208,11.447682695908291,3.6189933266497696,4.867534450455582
1848,4.775419161547776,8.221532709262851,8.284251797621916,3.58351893845611,8.44741429680832,3.4468078929142076,11.562496276735974,4.721173861744398,4.343805421853684
185,4.194612130813917,7.582534802183897,7.30854279753919,4.532599493153256,6.363028103540465,3.3877743613300146,9.939095980003495,5.705114919889979,4.875197323201151
1851,5.243000197752064,8.352695835534762,8.603554357064281,4.127134385045092,8.601718146485926,3.109060958860994,11.721158403548683,4.693181063310805,5.313205979041787
1864,4.077401841491788,7.3110847749598795,7.359467638255621,3.5263605246161616,7.847762537473608,3.2347491740244907,10.658129564405668,4.71492104994721,4.2626798770413155
1869,4.677007009606774,8.119011494754332,8.14177220465645,3.4339872044851463,8.351610750626559,3.4404180948154366,11.387758988677334,4.793308128103486,4.110873864173311
1872,4.878489607604036,8.457846502695357,9.674263049655917,4.110873864173311,7.456454555176209,3.580737295494233,12.434848306696013,4.084294226368599,4.532599493153256
1879,5.408229507823851,7.324621809814744,10.550852540440946,3.044522437723423,9.357207447785735,1.916922612182061,13.238505957137251,2.151762203259462,3.044522437723423
1883,4.247466141278187,6.59002628517806,8.462314529906248,3.6109179126442243,6.593044534142437,2.341805806147327,11.070972705490613,3.580737295494233,4.897839799950911
190,2.106083472626257,5.497987561676604,7.317212408359839,4.653960350157523,6.0112671744041615,3.391147045808654,10.129945604818168,3.4307561839036995,5.19295685089021
191,3.3352712315459883,6.243195555274104,7.389563953677635,3.9512437185814275,6.595780513961311,2.9069010598473755,10.17034172227647,4.135166556742356,4.23410650459726
1910,4.838454149098843,7.049775539002566,9.873389104712095,3.9512437185814275,8.328692583545568,2.2082744135228043,12.568024641306591,2.5416019934645457,4.04305126783455
193,2.6923949614916367,5.968963281761469,6.828712071641684,4.1588830833596715,6.391917113392602,3.2771447329921766,9.47231994707559,4.558078578454241,5.37989735354046
198,3.7666966101605746,8.001355025826703,7.7702232041587855,5.267858159063328,6.363028103540465,4.23410650459726,10.634026852313136,5.4289069362516384,5.7899601708972535
203,1.9484782771610234,4.160444363926624,6.150602768446279,2.8903717578961645,7.773594467360194,2.2082744135228043,8.053887083618223,4.168214410788556,3.7612001156935624
204,1.1549926221042173,4.4355674016019115,7.84971375760487,4.127134385045092,6.368187186350492,3.2809112157876537,10.683248114229192,1.8082887711792655,5.0689042022202315
210,3.7275471297547753,7.825644732219989,8.28349412616251,5.153291594497779,6.361302477572996,4.097672352314776,10.961347288717274,4.925803358579558,5.501258210544727
214,2.9631574276218124,7.299932492763366,7.8961806086154915,5.003946305945459,6.056784013228625,4.33729074083249,10.518429918794682,4.843399374720342,5.541263545158426
223,0.6037693694087286,3.374168709274236,5.733341276897746,3.7612001156935624,5.700443573390687,2.772588722239781,7.064759027791802,4.370712874773608,5.44673737166631
292,1.3676210958542694,4.380775852772229,5.111987788356544,3.4965075614664802,6.363028103540465,3.0155349008501706,7.401231264413015,5.04148775757902,7.282073658093465
293,2.4243601499199667,4.843399374720342,9.055556158175316,3.5263605246161616,6.364750756851911,2.4159137783010487,5.424950017481403,7.480259087019738,6.651571873589727
295,2.642551218869514,4.581901559048737,4.634728988229636,1.791759469228055,6.369900982828227,1.9459101490553132,4.007333185232471,8.636361933204924,6.51025834052315
297,5.101821831848196,8.913846253912041,10.057238152342046,4.859812404361672,6.78105762593618,3.8110970868381857,12.672623445616177,4.302712827954156,6.577861357721047
300,4.179497268508576,7.471420001763846,9.423029465386534,2.995732273553991,6.38856140554563,3.292126286607793,10.318506873449104,5.214935757608986,6.80903930604298
307,6.704943626639846,10.067305637765523,11.901101982940851,4.356708826689592,8.765458531504226,3.3638415951183864,12.632793572905426,5.496348217047172,6.517671272912275
310,5.598436773703451,8.763365532911266,12.179081643665588,5.123963979403259,6.369900982828227,3.1654750481410856,14.96820248887815,1.8562979903656263,5.948034989180646
316,6.1904444958813265,7.700385738027032,9.814437735702617,4.07753744390572,5.327876168789581,1.5040773967762742,12.662778879998495,3.100092288878234,6.776506992372183
317,1.7977415409056023,4.053522567701846,2.4849066497880004,2.70805020110221,6.364750756851911,2.2512917986064953,3.871201010907891,8.244123831332303,7.1929342212158
319,1.3663467233101945,4.805659046737495,7.264730177929867,4.110873864173311,6.363028103540465,3.4404180948154366,9.46660917372222,3.4011973816621555,7.2640301428995295
320,1.701469997880594,3.893859034800475,5.594711379601839,3.332204510175204,6.361302477572996,2.1972245773362196,7.097548850614793,4.858260813670253,7.1372784372603855
338,3.9527809979003137,8.38735781723568,8.74909824839902,5.389071729816501,6.90975328164481,4.4343818650078095,11.852165296835603,4.597138014290827,6.1463292576688975
355,2.4072153420721287,7.473409939026806,10.833838968058616,5.075173815233827,6.363028103540465,5.066385309200747,11.643330726334234,3.8918202981106265,7.007600613951853
361,0.9969486348916096,3.068052935133617,7.767263996757308,3.091042453358316,6.361302477572996,2.066862759472976,9.73601519859238,1.3862943611198906,6.858565034791365
362,2.894308443416027,5.38357721049886,8.695171998776056,3.8066624897703196,6.366470447731438,2.4932054526026954,9.888069299807748,3.55820113047182,7.430707082545968
364,3.8759604998829302,6.47435355218095,7.789868559054706,3.295836866004329,5.393627546352362,2.5952547069568657,10.104998803723223,4.430816798843313,7.596392304064196
367,1.6752256529721035,4.507557357121091,6.052089168924417,3.970291913552122,6.363028103540465,2.833213344056216,8.319717386850606,4.249922794040544,7.114769448366463
368,2.6636105596700363,5.100475998096045,7.293017679772782,2.833213344056216,4.9344739331306915,2.4336133554004498,9.175541866433488,3.9871304779149512,7.602401335665818
372,1.1869283697166775,3.4372078191851885,6.699500340161678,3.2188758248682006,6.361302477572996,2.2512917986064953,8.680162019694377,2.8213788864092133,7.05617528410041
373,3.2471911358482473,6.61472560020376,8.270781013162674,4.672828834461906,6.361302477572996,3.367295829986474,8.980927207648378,5.6957503029589365,7.401231264413015
374,3.3708412616472563,5.056245805348308,7.1592919047975645,3.367295829986474,6.375024819828097,1.6863989535702288,9.562615651570228,3.5553480614894135,7.561121589530238
378,0.06765864847381486,2.928523523860541,2.0794415416798357,3.58351893845611,6.363028103540465,2.8622008809294686,4.59511985013459,6.395261598115449,7.695757990554761
382,0.8787965274465745,3.6109179126442243,7.257002707092073,3.6109179126442243,6.366470447731438,2.7343675094195836,8.74623928838306,2.928523523860541,6.637258031284457
384,4.666444008792661,6.9817489588904635,7.5822291942764615,3.044522437723423,7.313220387090301,2.312535423847214,10.069764412161227,4.973971309724664,7.630461261783627
385,-0.4246479275249383,3.054001181677967,5.771441123130016,4.1588830833596715,6.361302477572996,3.4781584227982836,6.835184586147301,4.280824129164719,7.575584651557793
386,3.7028316677319406,6.782078670894135,10.201701469897316,4.844187086458591,6.363028103540465,3.077312260546414,10.379970147879572,4.463606621666305,6.695798917058491
390,1.383289852099592,4.598145571051127,7.4073177104694174,4.343805421853684,6.363028103540465,3.214867803470662,8.960596138864794,3.6988297849671046,7.348587530927593
391,1.7514581724545293,5.9367443349077496,8.846065190692881,4.6443908991413725,6.569481420414296,4.185098925490565,10.29667762976868,3.7013019741124933,6.813444599510896
393,4.311563933516342,6.519589667952034,9.90193635004339,4.204692619390966,6.363028103540465,2.2082744135228043,10.944082234834664,3.6375861597263857,7.271703706887368
398,2.387753105363924,5.232177564043492,6.311734809152915,3.1780538303479458,6.366470447731438,2.8449093838194073,7.646831391430482,5.647212123167807,7.4770384723196965
399,1.1167795926235586,3.817712325956905,3.2188758248682006,2.995732273553991,6.363028103540465,2.7013612129514133,4.442651256490317,7.436852947535576,7.416979621381154
41,3.558030175688944,7.49103178840637,7.8628820346414905,5.10594547390058,5.981414211254481,3.933784497209659,11.178459215011753,4.37449836825309,6.156978985585555
413,3.419986423558737,4.765586907393996,10.738611611991622,3.258096538021482,6.368187186350492,1.33500106673234,12.514152756221147,0.3364722366212129,7.150701457592526
415,2.0918640616783932,3.629660094453965,10.219647746416857,4.394449154672439,6.363028103540465,1.547562508716013,11.202793263680856,0.47000362924573563,7.422373700986824
416,4.320071440538581,7.133934218839868,10.214348897935315,2.4849066497880004,6.363028103540465,2.8154087194227095,11.208165050983697,3.9871304779149512,7.483806687665835
419,1.9007633398006798,4.206184043977636,6.905753276311464,1.791759469228055,6.373319789577012,2.302585092994046,8.436200032206706,3.8308129500026027,7.629489916393995
42,0.9415685390584236,4.709530201312334,7.980365765111246,4.77912349311153,5.886104031450156,3.768152635008444,11.330551906824226,1.4350845252893227,5.91350300563827
420,1.1301109557274807,2.785011242238338,2.9444389791664403,2.1972245773362196,6.364750756851911,1.6486586255873816,4.127134385045092,6.719616836866618,7.623153068476902
421,4.048126088420487,7.1347314763165235,9.816294340833752,4.499809670330265,6.361302477572996,3.086486636822455,10.809081274861947,4.387014176184921,7.56734567601324
423,3.4457563848593193,5.2235938203521,9.290998274993637,3.7376696182833684,6.368187186350492,1.7749523509116738,10.941269989996359,2.341805806147327,7.589841512182657
431,0.4382549309311553,2.8791984572980396,6.289715570908998,3.5553480614894135,6.361302477572996,2.4423470353692043,7.977968093128549,2.9652730660692823,7.258412150595307
437,3.674983348921825,5.499624223253072,5.181783550292085,2.3978952727983707,6.466144724237619,1.824549292051046,6.855408798609928,6.706006224522084,7.1569563646156364
438,2.270991221402867,4.9104465668408235,6.709304340258298,3.7376696182833684,6.361302477572996,2.6390573296152584,8.559869465696673,4.412798293340635,7.306531398939505
442,0.09984533496971612,3.2068032436339315,5.749392985908253,4.330733340286331,6.363028103540465,3.109060958860994,7.222566018822171,4.046553898385752,7.509335266016592
445,0.36741704047063445,3.594568774642695,5.981414211254481,4.02535169073515,6.366470447731438,3.2268439945173775,6.894670039433482,4.761318868478023,7.880048200971577
448,-0.36528331847533263,2.8507065015037334,4.867534450455582,3.6635616461296463,6.674561391814426,3.214867803470662,4.553876891600541,6.358708442395948,7.936302693201959
449,1.563603376090301,4.513054897080286,7.532623618788788,3.871201010907891,6.364750756851911,2.9496883350525844,9.2057297594185,3.370738174177447,7.4342573821331355
450,0.7594029763370106,4.08260930600368,5.961005339623274,4.3694478524670215,6.361302477572996,3.3214324131932926,7.83241092718792,4.312140507209715,7.461065514354283
451,4.841845765026253,8.374776728917972,10.572674976900842,5.030437921392435,6.363028103540465,3.5322256440685598,11.488899130367374,4.9473404437239425,7.515344571180436
456,1.264126727145683,4.318820558770089,6.761572768804055,3.970291913552122,6.364750756851911,3.054001181677967,8.416709652837914,3.9646154555473165,7.515344571180436
467,2.3604765714098233,6.128832321400788,6.467698726104354,4.51085950651685,7.028201432058005,3.768152635008444,8.027802848370312,6.162893662735513,7.537962659768208
469,0.3378997886123983,3.3877743613300146,5.501258210544727,3.970291913552122,6.363028103540465,3.0492730404820207,5.54907608489522,5.900445148720813,7.443663683115591
470,-0.7962879394794586,3.594568774642695,5.53338948872752,4.04305126783455,6.7912214627261855,4.390738575275903,6.4967749901858625,5.159629846774143,7.810758116529357
471,1.1216775615991057,3.7887247890836524,5.697093486505405,3.4339872044851463,6.363028103540465,2.667228206581955,6.249975242259483,5.600641715736688,7.810758116529357
473,0.9741822102899327,3.716008121502189,3.970291913552122,3.8918202981106265,6.364750756851911,2.740840023925201,3.970291913552122,7.807510042216193,7.427144133408616
477,2.2604080140948595,5.218732887205194,7.252762418053187,4.276666119016055,6.363028103540465,2.9601050959108397,8.904222737368716,4.375757021660286,7.409741954080923
488,2.422499189659383,5.4514675460417115,7.9105906122564775,4.110873864173311,4.51085950651685,3.0301337002713233,8.677780256064185,4.835487941050301,7.462214939768189
492,3.2069651738423657,6.3531519078702505,6.680854678790215,4.51085950651685,6.363028103540465,3.1441522786722644,7.568379267836522,6.8465179695109475,7.832014180505469
493,4.114098168708937,7.237706298613085,6.304448802421981,4.418840607796598,6.363028103540465,3.122364924487357,7.656337166430183,7.643147441135828,7.7475968386928855
497,1.6772834593291677,4.8307108619020225,6.375024819828097,4.454347296253507,5.209486152841421,3.152736022363656,8.188966863648876,4.703203926259457,7.774435510302958
500,0.20130685670503537,4.070734696582967,5.493061443340548,4.6443908991413725,5.805134968916488,3.8691155044168695,6.8501261661455,5.282187984618153,7.706162970199576
502,1.8949175613306812,4.935193098929397,7.30854279753919,4.543294782270004,6.363028103540465,3.039749158970765,9.163143937145207,3.832979798087693,7.789868559054706
505,-0.9263410677276565,2.975529566236472,4.795790545596741,4.127134385045092,5.877735781779639,3.901972669574645,5.817111159963204,5.220355825078324,7.515889085215125
506,2.299078953664758,4.396915247167632,6.030685260261263,3.6375861597263857,6.361302477572996,2.0918640616783932,7.009408932708637,5.449320240084564,7.748460023899697
507,0.3576744442718159,2.70805020110221,5.886104031450156,3.871201010907891,6.363028103540465,2.3513752571634776,7.160845906664299,3.6082115510464816,7.507141079727608
508,0.8215403953283443,3.258096538021482,1.9459101490553132,2.1972245773362196,6.573680166960646,2.4336133554004498,2.3978952727983707,8.921991410536698,7.430707082545968
509,2.5110616072648515,5.9301209168669295,6.738152494595957,4.543294782270004,7.494430215031565,3.417726683613366,8.327967858305488,5.664001604644357,7.919719760924575
511,1.657847051641788,6.081990573807353,8.968523555396352,3.8066624897703196,8.295049140435111,4.423648309364701,9.090317329376452,5.053694783556702,7.4133673356952405
517,1.098278899766872,5.077670695432414,6.364750756851911,4.477336814478207,6.363028103540465,3.979681653901961,7.942717540573791,5.196838197598183,7.766840537085513
518,1.3596936793227117,4.215086179918229,5.91350300563827,4.07753744390572,6.363028103540465,2.856470206220483,5.680172609017068,6.596736341165919,7.663407664893479
522,0.9828272556743993,4.678420647727684,8.425516402844334,4.204692619390966,5.375278407684165,3.696351468952637,8.471149252914831,4.269697449699962,7.643003635560718
524,0.42787870294506447,2.7536607123542622,1.791759469228055,2.70805020110221,4.477336814478207,2.322387720290225,4.204692619390966,6.610830625163423,7.781973234434385
529,2.2113466125597747,4.954417614098027,6.077642243349034,2.772588722239781,7.152268856032539,2.740840023925201,6.448889394146858,6.567375417529907,7.9105906122564775
530,1.8162894669713328,4.631812116934513,7.60339933974067,3.367295829986474,7.136483208590247,2.8154087194227095,7.785305182539862,4.9082333604781745,7.881182202227102
531,-0.20211618412213422,3.0155349008501706,6.4967749901858625,4.110873864173311,6.363028103540465,3.2188758248682006,8.214465160759186,2.8622008809294686,7.583247524303362
533,2.5151933423928727,5.061961921261596,7.828834527588089,3.828641396489095,4.736198448394496,2.5494451709255714,7.825644732219989,5.298317366548036,7.868636894184167
536,1.7683202374942921,4.875197323201151,6.498282149476434,4.143134726391533,5.236441962829949,3.109060958860994,8.117610746466228,4.819474788635096,7.951911381854188
537,0.14669437915080344,2.8449093838194073,5.2832037287379885,3.8918202981106265,6.361302477572996,2.7013612129514133,6.763884908562435,4.143134726391533,7.599401333415815
541,3.4096945119161015,6.8278458957538355,9.094368195723762,4.77912349311153,6.363028103540465,3.417726683613366,10.86610828199289,4.023564380161053,7.7354333524996886
542,0.6926470555182631,3.9512437185814275,9.154087430425385,4.962844630259907,6.361302477572996,3.258096538021482,10.904909561786402,1.0986122886681098,7.692569648067906
549,-0.22189433191377778,2.760009940032921,5.049856007249537,3.970291913552122,6.363028103540465,2.9806186357439426,6.62273632394984,4.198704577546343,7.908019444632471
55,2.2213750375685026,5.272486606513515,4.955827057601261,3.6635616461296463,6.369900982828227,3.0492730404820207,8.66561319653451,4.669083511731744,6.630683385642372
567,2.6994130077065464,5.643678550586496,7.642524134232902,4.499809670330265,6.363028103540465,2.9444389791664403,9.151969458649853,4.553876891600541,7.65491704784832
57,2.832448345637174,5.711089049838639,5.099866427824199,3.5553480614894135,6.363028103540465,2.8791984572980396,8.693664334532016,5.078916801512661,6.5337888379333435
572,-0.2903523010076598,2.509599262378372,1.3862943611198906,4.007333185232471,6.364750756851911,2.797281334830153,1.9459101490553132,8.625491387861405,7.776115477098742
574,0.8166913666514003,3.8732821771117156,5.14166355650266,4.465908118654584,6.363028103540465,3.0587070727153796,6.508769136971682,5.426270730858498,7.81762544305337
575,2.287166840265665,5.04148775757902,6.502790045915623,3.8918202981106265,6.366470447731438,2.7536607123542622,8.045588280803528,5.057518879995106,7.75491027202143
585,1.660511182618101,5.220355825078324,6.431331081933479,4.189654742026425,6.2766434893416445,3.5610460826040513,8.808966881771273,4.472780997942346,5.147494476813453
592,1.303184454396884,4.709530201312334,6.423246963533519,4.02535169073515,7.465655310134056,3.407841924380824,8.821437352166997,3.949318790171843,5.043425116919247
595,2.7605793981140505,6.282453645317259,8.348774539791274,4.574710978503383,6.366470447731438,3.520460802488973,10.651477968978583,3.6938669956249757,5.14166355650266
597,4.794119729072267,10.12942719115234,12.53880575747224,5.375278407684165,6.363028103540465,5.335131339670753,13.240050408452417,4.950885289690482,7.02197642307216
60,1.5690324977990613,3.728100167267218,5.272999558563747,2.9444389791664403,6.366470447731438,2.163323025660538,8.486115235845377,3.3032169733019514,6.946975992135418
600,2.73553565803707,7.117610935969411,8.292047637431354,4.897839799950911,6.329720905522696,4.382026634673881,10.662047871644305,4.517431271680085,5.579729825986222
601,3.9550058636000003,7.15305163493748,9.027738775974909,4.812184355372417,6.366470447731438,3.1986731175506815,10.690716886457212,4.523960130562548,7.524021415206125
605,1.2906091109854827,5.172754143572691,7.27931883541462,4.356708826689592,6.584791392385716,3.8815637979434374,9.506660032823548,3.728100167267218,5.2574953720277815
609,1.270883509608563,4.620058798481842,6.927557906278317,3.871201010907891,6.96979066990159,3.349904087274605,8.843470781627381,3.8394523125933104,5.236441962829949
612,3.169475474573074,6.551937110763387,8.58260632996447,4.02535169073515,6.248042874508429,3.380994674344636,10.357393557477783,4.257030144499196,6.661854740545311
63,2.108878977333453,5.497987561676604,6.184148890937483,4.574710978503383,6.363028103540465,3.3877743613300146,9.117347505127018,4.442651256490317,6.78332520060396
657,4.703430555155611,7.9835764793494315,11.255746732362642,2.8903717578961645,6.364750756851911,3.2809112157876537,10.880515841025813,5.1647859739235145,7.208600337960199
664,3.341376603343616,5.654592230465429,11.292490741466937,3.367295829986474,6.368187186350492,2.312535423847214,10.576253438404207,3.139832617527748,7.15305163493748
7308,4.627156701373573,7.515126682520679,8.90571557879409,4.07753744390572,7.229113877793302,2.8903717578961645,11.896799146834917,3.681351187693145,4.990432586778736
7311,2.5614046207607255,6.955592608396297,7.430114138561801,3.4965075614664802,7.29641326877392,4.394449154672439,9.56500329315396,5.452325179027384,5.484796933490655
7313,4.933005229213641,7.960672608388117,10.623325348349118,4.23410650459726,5.720311776607412,3.0252910757955354,12.027597681104794,3.9945242269398897,7.046647277848756
7318,3.7379314887542083,5.949339620807311,9.947217315397454,3.332204510175204,5.986452005284438,2.2082744135228043,12.747061743055966,1.252762968495368,5.0106352940962555
753,7.030029547270704,10.316259235826731,13.045004897299796,4.1588830833596715,8.144388865547622,3.2846635654062037,13.597003740366587,4.7808027546312495,6.318968113746434
758,5.5175653399419,6.519737084477693,8.264620829411216,1.9459101490553132,5.680172609017068,0.9932517730102834,9.922260237859412,4.659658371272161,5.968707559985366
768,3.586292865338835,4.997212273764115,9.035867930125628,1.6094379124341003,4.762173934797756,1.410986973710262,10.845660433124383,2.2082744135228043,5.950642552587727
777,1.097945399680406,5.4120923808068815,7.88193748927207,3.5263605246161616,7.105786129481271,4.3134800921387715,8.533656917446903,4.94021282979971,6.075346031088684
78,0.6450068052320104,2.6878474937846906,3.091042453358316,2.8903717578961645,6.361302477572996,2.0412203288596382,6.665683717782408,4.084294226368599,6.9726062513017535
780,1.9979602998119528,3.756538102587751,8.332789468417959,3.5263605246161616,6.363028103540465,1.7578579175523736,8.860215358901183,2.9601050959108397,6.066108090103747
784,0.6054082662519386,2.3978952727983707,6.934397209928558,2.995732273553991,6.364750756851911,1.791759469228055,7.609862200913554,2.8507065015037334,6.597145701886651
789,3.3945755053532682,4.583946549536464,7.00850518208228,1.9459101490553132,3.4965075614664802,1.1939224684724346,9.426499589515949,3.2188758248682006,5.902633333401366
798,2.345740363307973,6.273631438871653,8.384118837190895,2.1972245773362196,6.364750756851911,3.927896354584436,9.342595951096653,4.993149979755236,6.436150368369428
827,2.0824370506596344,5.356586274672012,7.152268856032539,3.1780538303479458,7.465655310134056,3.2733640101522705,7.627544390488503,5.790877181507135,6.731018100482083
836,3.753191387082347,5.552184090505087,8.127995055771946,1.6094379124341003,7.028201432058005,1.791759469228055,9.17678358844734,4.436751534363128,5.68697535633982
837,2.848333746549266,6.359573868672378,8.962263554116761,1.6094379124341003,6.361302477572996,3.5115454388310208,9.68502054910582,4.736198448394496,6.532334292222349
854,1.5286616024068127,4.720282993088596,8.445052513638554,2.302585092994046,8.502282578680484,3.190476350346503,9.61813609542263,3.1654750481410856,5.655991810819852
868,3.3656738255931087,5.43153621033426,6.309918278226516,3.6109179126442243,6.369900982828227,2.066862759472976,7.2633296174768365,6.230087669270578,6.804614520062624
870,6.998537039135577,10.278837036739668,13.325774314971353,4.31748811353631,7.949797216161852,3.2809112157876537,13.780350628656569,4.560172820057356,6.184148890937483
872,2.713037742613249,5.434594984840585,8.515391569469609,3.9318256327243257,6.366470447731438,2.7212954278522306,9.172846167548602,4.324132656254979,7.1284959456800365
882,1.0134174426048779,5.157905212831292,6.7226297948554485,4.31748811353631,6.363028103540465,4.144720769547168,7.259116128097101,5.9604897428085515,7.242797922793756
884,5.4333638608261685,7.759443487670634,13.349991259062959,3.367295829986474,8.07775756373692,2.322387720290225,13.801484653231146,2.0149030205422647,6.059123195581797
885,0.34995239817790563,2.9496883350525844,5.455321115357702,3.9512437185814275,6.363028103540465,2.6026896854443837,5.860786223465865,5.150976778649327,7.495541943884256
893,2.790244438728197,4.6210435351443815,10.067475402641579,4.07753744390572,6.364750756851911,1.824549292051046,10.436495323235768,2.2512917986064953,6.878326468291325
895,4.442839474070394,6.501439809419134,13.46727277798808,3.1354942159291497,7.883069351305753,2.0541237336955462,13.764583512288949,0.7884573603642703,5.8971538676367405
898,3.584435185240463,6.3286508144628515,10.575589834500324,4.060443010546419,6.364750756851911,2.747270914255491,11.399275127938855,2.990719731730447,7.2485040723706105
919,1.8187259174578694,5.015954455573856,5.407171771460119,3.1780538303479458,7.511524648390866,3.1986731175506815,7.103322062526113,5.974318388273011,5.963579343618446
920,0.4154154389613324,3.258096538021482,3.6888794541139363,3.4011973816621555,5.752572638825633,2.8449093838194073,3.713572066704308,7.606337662032022,6.736966958001855
929,2.130847329739736,4.28771595520264,2.833213344056216,2.6390573296152584,7.325807502595773,2.151762203259462,3.332204510175204,9.017301590341022,6.680854678790215
936,1.456752824768452,3.751854253275325,7.9854843567338225,3.713572066704308,6.364750756851911,2.2925347571405443,7.177782416195197,4.635699391022914,6.853299093186078
938,1.7139780917080243,5.478135793123873,7.768956044538332,3.912023005428146,6.369900982828227,3.763522997109702,7.113142108707088,6.426812029698016,6.584791392385716
939,1.602614687085975,5.306285536197214,7.507141079727608,3.6375861597263857,6.366470447731438,3.703768066607687,6.523562306149512,6.844495939342946,6.666956792429207
948,3.9133021869265265,6.926086235666861,10.889826598721452,3.4965075614664802,8.190077049719049,3.0106208860477417,10.003016095251029,4.9849755473156785,6.38856140554563
952,2.119623331312668,3.427514689979529,6.778784897685177,3.332204510175204,6.373319789577012,1.308332819650179,7.822044008185619,3.66612246699132,6.173786103901937
953,1.739061680227606,5.472690753492817,7.497207223203318,3.6888794541139363,6.369900982828227,3.7328963395307104,7.446585099157725,6.0879104453762345,6.555356891810665
956,2.5515523243177136,4.7059200890882344,8.193123721512068,3.9512437185814275,6.3784261836515865,2.151762203259462,8.023879992734878,4.74406218485471,6.269096283706261
957,1.2386640441158663,5.111385197196399,6.8966943316227125,4.060443010546419,8.379997952238393,3.8732821771117156,6.813444599510896,6.3597468640884305,7.4342573821331355
958,1.911466578592803,3.879499813722586,8.422003004412488,3.871201010907891,6.375024819828097,1.9740810260220096,7.2485040723706105,4.693181063310805,7.020190708311925
974,1.1857069955190436,4.05871738457895,4.836281906951478,3.6375861597263857,6.361302477572996,2.8735646395797834,7.0192966537150445,5.101085197018328,5.598421958998375
982,3.176218814402216,6.104346704164654,6.771935555839602,3.6109179126442243,7.99699040583765,2.928523523860541,8.823500727991183,5.342812606434588,5.749392985908253
987,2.751811870541079,6.402414585446716,9.385721231090805,4.330733340286331,6.376726947898627,3.6506582412937387,8.15507488781144,6.309190740908139,7.307202314764738
989,5.230916084952526,8.766643661383458,10.306282432088414,3.4011973816621555,7.505492274737424,3.535145354171894,12.61192101351822,4.216562194946349,5.3706380281276624
993,5.17052944855058,8.102283624480073,10.496510484233493,3.8066624897703196,6.652863029353347,2.9338568698359038,12.822940652429516,3.342861804649192,5.298317366548036
